time, src, dst, flow, packet, rotor_id
-0.010, demand, 0, 0->4, 0, -1
-0.010, demand, 0, 0->4, 1, -1
-0.010, demand, 0, 0->4, 2, -1
-0.010, demand, 0, 0->4, 3, -1
-0.010, demand, 0, 0->4, 4, -1
-0.010, demand, 0, 0->4, 5, -1
-0.010, demand, 0, 0->4, 6, -1
-0.010, demand, 0, 0->4, 7, -1
-0.010, demand, 0, 0->4, 8, -1
-0.010, demand, 0, 0->4, 9, -1
-0.010, demand, 0, 0->4, 10, -1
-0.010, demand, 0, 0->4, 11, -1
-0.010, demand, 0, 0->4, 12, -1
-0.010, demand, 0, 0->4, 13, -1
-0.010, demand, 0, 0->4, 14, -1
-0.010, demand, 0, 0->4, 15, -1
-0.010, demand, 0, 0->4, 16, -1
-0.010, demand, 0, 0->4, 17, -1
-0.010, demand, 0, 0->4, 18, -1
-0.010, demand, 0, 0->4, 19, -1
-0.010, demand, 0, 0->4, 20, -1
-0.010, demand, 0, 0->4, 21, -1
-0.010, demand, 0, 0->4, 22, -1
-0.010, demand, 0, 0->4, 23, -1
-0.010, demand, 0, 0->4, 24, -1
-0.010, demand, 0, 0->4, 25, -1
-0.010, demand, 0, 0->4, 26, -1
-0.010, demand, 0, 0->4, 27, -1
-0.010, demand, 0, 0->4, 28, -1
-0.010, demand, 0, 0->4, 29, -1
-0.010, demand, 0, 0->4, 30, -1
-0.010, demand, 0, 0->4, 31, -1
-0.010, demand, 0, 0->4, 32, -1
-0.010, demand, 0, 0->4, 33, -1
-0.010, demand, 0, 0->4, 34, -1
-0.010, demand, 0, 0->4, 35, -1
-0.010, demand, 0, 0->4, 36, -1
-0.010, demand, 0, 0->4, 37, -1
-0.010, demand, 0, 0->4, 38, -1
-0.010, demand, 0, 0->4, 39, -1
-0.010, demand, 0, 0->4, 40, -1
-0.010, demand, 0, 0->4, 41, -1
-0.010, demand, 0, 0->4, 42, -1
-0.010, demand, 0, 0->4, 43, -1
-0.010, demand, 0, 0->4, 44, -1
-0.010, demand, 0, 0->4, 45, -1
-0.010, demand, 0, 0->4, 46, -1
-0.010, demand, 0, 0->4, 47, -1
-0.010, demand, 0, 0->4, 48, -1
-0.010, demand, 0, 0->4, 49, -1
-0.010, demand, 0, 0->4, 50, -1
-0.010, demand, 0, 0->4, 51, -1
-0.010, demand, 0, 0->4, 52, -1
-0.010, demand, 0, 0->4, 53, -1
-0.010, demand, 0, 0->4, 54, -1
-0.010, demand, 0, 0->4, 55, -1
-0.010, demand, 0, 0->4, 56, -1
-0.010, demand, 0, 0->4, 57, -1
-0.010, demand, 0, 0->4, 58, -1
-0.010, demand, 0, 0->4, 59, -1
-0.010, demand, 0, 0->4, 60, -1
-0.010, demand, 0, 0->4, 61, -1
-0.010, demand, 0, 0->4, 62, -1
-0.010, demand, 0, 0->4, 63, -1
-0.010, demand, 0, 0->4, 64, -1
-0.010, demand, 0, 0->4, 65, -1
-0.010, demand, 0, 0->4, 66, -1
-0.010, demand, 0, 0->4, 67, -1
-0.010, demand, 0, 0->4, 68, -1
-0.010, demand, 0, 0->4, 69, -1
-0.010, demand, 0, 0->4, 70, -1
-0.010, demand, 0, 0->4, 71, -1
-0.010, demand, 0, 0->4, 72, -1
-0.010, demand, 0, 0->4, 73, -1
-0.010, demand, 0, 0->4, 74, -1
-0.010, demand, 0, 0->4, 75, -1
-0.010, demand, 0, 0->4, 76, -1
-0.010, demand, 0, 0->4, 77, -1
-0.010, demand, 0, 0->4, 78, -1
-0.010, demand, 0, 0->4, 79, -1
-0.010, demand, 0, 0->4, 80, -1
-0.010, demand, 0, 0->4, 81, -1
-0.010, demand, 0, 0->4, 82, -1
-0.010, demand, 0, 0->4, 83, -1
-0.010, demand, 0, 0->4, 84, -1
-0.010, demand, 0, 0->4, 85, -1
-0.010, demand, 0, 0->4, 86, -1
-0.010, demand, 0, 0->4, 87, -1
-0.010, demand, 0, 0->4, 88, -1
-0.010, demand, 0, 0->4, 89, -1
-0.010, demand, 0, 0->4, 90, -1
-0.010, demand, 0, 0->4, 91, -1
-0.010, demand, 0, 0->4, 92, -1
-0.010, demand, 0, 0->4, 93, -1
-0.010, demand, 0, 0->4, 94, -1
-0.010, demand, 0, 0->4, 95, -1
-0.010, demand, 0, 0->4, 96, -1
-0.010, demand, 0, 0->4, 97, -1
-0.010, demand, 0, 0->4, 98, -1
-0.010, demand, 1, 1->5, 0, -1
-0.010, demand, 1, 1->5, 1, -1
-0.010, demand, 1, 1->5, 2, -1
-0.010, demand, 1, 1->5, 3, -1
-0.010, demand, 1, 1->5, 4, -1
-0.010, demand, 1, 1->5, 5, -1
-0.010, demand, 1, 1->5, 6, -1
-0.010, demand, 1, 1->5, 7, -1
-0.010, demand, 1, 1->5, 8, -1
-0.010, demand, 1, 1->5, 9, -1
-0.010, demand, 1, 1->5, 10, -1
-0.010, demand, 1, 1->5, 11, -1
-0.010, demand, 1, 1->5, 12, -1
-0.010, demand, 1, 1->5, 13, -1
-0.010, demand, 1, 1->5, 14, -1
-0.010, demand, 1, 1->5, 15, -1
-0.010, demand, 1, 1->5, 16, -1
-0.010, demand, 1, 1->5, 17, -1
-0.010, demand, 1, 1->5, 18, -1
-0.010, demand, 1, 1->5, 19, -1
-0.010, demand, 1, 1->5, 20, -1
-0.010, demand, 1, 1->5, 21, -1
-0.010, demand, 1, 1->5, 22, -1
-0.010, demand, 1, 1->5, 23, -1
-0.010, demand, 1, 1->5, 24, -1
-0.010, demand, 1, 1->5, 25, -1
-0.010, demand, 1, 1->5, 26, -1
-0.010, demand, 1, 1->5, 27, -1
-0.010, demand, 1, 1->5, 28, -1
-0.010, demand, 1, 1->5, 29, -1
-0.010, demand, 1, 1->5, 30, -1
-0.010, demand, 1, 1->5, 31, -1
-0.010, demand, 1, 1->5, 32, -1
-0.010, demand, 1, 1->5, 33, -1
-0.010, demand, 1, 1->5, 34, -1
-0.010, demand, 1, 1->5, 35, -1
-0.010, demand, 1, 1->5, 36, -1
-0.010, demand, 1, 1->5, 37, -1
-0.010, demand, 1, 1->5, 38, -1
-0.010, demand, 1, 1->5, 39, -1
-0.010, demand, 1, 1->5, 40, -1
-0.010, demand, 1, 1->5, 41, -1
-0.010, demand, 1, 1->5, 42, -1
-0.010, demand, 1, 1->5, 43, -1
-0.010, demand, 1, 1->5, 44, -1
-0.010, demand, 1, 1->5, 45, -1
-0.010, demand, 1, 1->5, 46, -1
-0.010, demand, 1, 1->5, 47, -1
-0.010, demand, 1, 1->5, 48, -1
-0.010, demand, 1, 1->5, 49, -1
-0.010, demand, 1, 1->5, 50, -1
-0.010, demand, 1, 1->5, 51, -1
-0.010, demand, 1, 1->5, 52, -1
-0.010, demand, 1, 1->5, 53, -1
-0.010, demand, 1, 1->5, 54, -1
-0.010, demand, 1, 1->5, 55, -1
-0.010, demand, 1, 1->5, 56, -1
-0.010, demand, 1, 1->5, 57, -1
-0.010, demand, 1, 1->5, 58, -1
-0.010, demand, 1, 1->5, 59, -1
-0.010, demand, 1, 1->5, 60, -1
-0.010, demand, 1, 1->5, 61, -1
-0.010, demand, 1, 1->5, 62, -1
-0.010, demand, 1, 1->5, 63, -1
-0.010, demand, 1, 1->5, 64, -1
-0.010, demand, 1, 1->5, 65, -1
-0.010, demand, 1, 1->5, 66, -1
-0.010, demand, 1, 1->5, 67, -1
-0.010, demand, 1, 1->5, 68, -1
-0.010, demand, 1, 1->5, 69, -1
-0.010, demand, 1, 1->5, 70, -1
-0.010, demand, 1, 1->5, 71, -1
-0.010, demand, 1, 1->5, 72, -1
-0.010, demand, 1, 1->5, 73, -1
-0.010, demand, 1, 1->5, 74, -1
-0.010, demand, 1, 1->5, 75, -1
-0.010, demand, 1, 1->5, 76, -1
-0.010, demand, 1, 1->5, 77, -1
-0.010, demand, 1, 1->5, 78, -1
-0.010, demand, 1, 1->5, 79, -1
-0.010, demand, 1, 1->5, 80, -1
-0.010, demand, 1, 1->5, 81, -1
-0.010, demand, 1, 1->5, 82, -1
-0.010, demand, 1, 1->5, 83, -1
-0.010, demand, 1, 1->5, 84, -1
-0.010, demand, 1, 1->5, 85, -1
-0.010, demand, 1, 1->5, 86, -1
-0.010, demand, 1, 1->5, 87, -1
-0.010, demand, 1, 1->5, 88, -1
-0.010, demand, 1, 1->5, 89, -1
-0.010, demand, 1, 1->5, 90, -1
-0.010, demand, 1, 1->5, 91, -1
-0.010, demand, 1, 1->5, 92, -1
-0.010, demand, 1, 1->5, 93, -1
-0.010, demand, 1, 1->5, 94, -1
-0.010, demand, 1, 1->5, 95, -1
-0.010, demand, 1, 1->5, 96, -1
-0.010, demand, 1, 1->5, 97, -1
-0.010, demand, 1, 1->5, 98, -1
-0.010, demand, 2, 2->7, 0, -1
-0.010, demand, 2, 2->7, 1, -1
-0.010, demand, 2, 2->7, 2, -1
-0.010, demand, 2, 2->7, 3, -1
-0.010, demand, 2, 2->7, 4, -1
-0.010, demand, 2, 2->7, 5, -1
-0.010, demand, 2, 2->7, 6, -1
-0.010, demand, 2, 2->7, 7, -1
-0.010, demand, 2, 2->7, 8, -1
-0.010, demand, 2, 2->7, 9, -1
-0.010, demand, 2, 2->7, 10, -1
-0.010, demand, 2, 2->7, 11, -1
-0.010, demand, 2, 2->7, 12, -1
-0.010, demand, 2, 2->7, 13, -1
-0.010, demand, 2, 2->7, 14, -1
-0.010, demand, 2, 2->7, 15, -1
-0.010, demand, 2, 2->7, 16, -1
-0.010, demand, 2, 2->7, 17, -1
-0.010, demand, 2, 2->7, 18, -1
-0.010, demand, 2, 2->7, 19, -1
-0.010, demand, 2, 2->7, 20, -1
-0.010, demand, 2, 2->7, 21, -1
-0.010, demand, 2, 2->7, 22, -1
-0.010, demand, 2, 2->7, 23, -1
-0.010, demand, 2, 2->7, 24, -1
-0.010, demand, 2, 2->7, 25, -1
-0.010, demand, 2, 2->7, 26, -1
-0.010, demand, 2, 2->7, 27, -1
-0.010, demand, 2, 2->7, 28, -1
-0.010, demand, 2, 2->7, 29, -1
-0.010, demand, 2, 2->7, 30, -1
-0.010, demand, 2, 2->7, 31, -1
-0.010, demand, 2, 2->7, 32, -1
-0.010, demand, 2, 2->7, 33, -1
-0.010, demand, 2, 2->7, 34, -1
-0.010, demand, 2, 2->7, 35, -1
-0.010, demand, 2, 2->7, 36, -1
-0.010, demand, 2, 2->7, 37, -1
-0.010, demand, 2, 2->7, 38, -1
-0.010, demand, 2, 2->7, 39, -1
-0.010, demand, 2, 2->7, 40, -1
-0.010, demand, 2, 2->7, 41, -1
-0.010, demand, 2, 2->7, 42, -1
-0.010, demand, 2, 2->7, 43, -1
-0.010, demand, 2, 2->7, 44, -1
-0.010, demand, 2, 2->7, 45, -1
-0.010, demand, 2, 2->7, 46, -1
-0.010, demand, 2, 2->7, 47, -1
-0.010, demand, 2, 2->7, 48, -1
-0.010, demand, 2, 2->7, 49, -1
-0.010, demand, 2, 2->7, 50, -1
-0.010, demand, 2, 2->7, 51, -1
-0.010, demand, 2, 2->7, 52, -1
-0.010, demand, 2, 2->7, 53, -1
-0.010, demand, 2, 2->7, 54, -1
-0.010, demand, 2, 2->7, 55, -1
-0.010, demand, 2, 2->7, 56, -1
-0.010, demand, 2, 2->7, 57, -1
-0.010, demand, 2, 2->7, 58, -1
-0.010, demand, 2, 2->7, 59, -1
-0.010, demand, 2, 2->7, 60, -1
-0.010, demand, 2, 2->7, 61, -1
-0.010, demand, 2, 2->7, 62, -1
-0.010, demand, 2, 2->7, 63, -1
-0.010, demand, 2, 2->7, 64, -1
-0.010, demand, 2, 2->7, 65, -1
-0.010, demand, 2, 2->7, 66, -1
-0.010, demand, 2, 2->7, 67, -1
-0.010, demand, 2, 2->7, 68, -1
-0.010, demand, 2, 2->7, 69, -1
-0.010, demand, 2, 2->7, 70, -1
-0.010, demand, 2, 2->7, 71, -1
-0.010, demand, 2, 2->7, 72, -1
-0.010, demand, 2, 2->7, 73, -1
-0.010, demand, 2, 2->7, 74, -1
-0.010, demand, 2, 2->7, 75, -1
-0.010, demand, 2, 2->7, 76, -1
-0.010, demand, 2, 2->7, 77, -1
-0.010, demand, 2, 2->7, 78, -1
-0.010, demand, 2, 2->7, 79, -1
-0.010, demand, 2, 2->7, 80, -1
-0.010, demand, 2, 2->7, 81, -1
-0.010, demand, 2, 2->7, 82, -1
-0.010, demand, 2, 2->7, 83, -1
-0.010, demand, 2, 2->7, 84, -1
-0.010, demand, 2, 2->7, 85, -1
-0.010, demand, 2, 2->7, 86, -1
-0.010, demand, 2, 2->7, 87, -1
-0.010, demand, 2, 2->7, 88, -1
-0.010, demand, 2, 2->7, 89, -1
-0.010, demand, 2, 2->7, 90, -1
-0.010, demand, 2, 2->7, 91, -1
-0.010, demand, 2, 2->7, 92, -1
-0.010, demand, 2, 2->7, 93, -1
-0.010, demand, 2, 2->7, 94, -1
-0.010, demand, 2, 2->7, 95, -1
-0.010, demand, 2, 2->7, 96, -1
-0.010, demand, 2, 2->7, 97, -1
-0.010, demand, 2, 2->7, 98, -1
-0.010, demand, 3, 3->6, 0, -1
-0.010, demand, 3, 3->6, 1, -1
-0.010, demand, 3, 3->6, 2, -1
-0.010, demand, 3, 3->6, 3, -1
-0.010, demand, 3, 3->6, 4, -1
-0.010, demand, 3, 3->6, 5, -1
-0.010, demand, 3, 3->6, 6, -1
-0.010, demand, 3, 3->6, 7, -1
-0.010, demand, 3, 3->6, 8, -1
-0.010, demand, 3, 3->6, 9, -1
-0.010, demand, 3, 3->6, 10, -1
-0.010, demand, 3, 3->6, 11, -1
-0.010, demand, 3, 3->6, 12, -1
-0.010, demand, 3, 3->6, 13, -1
-0.010, demand, 3, 3->6, 14, -1
-0.010, demand, 3, 3->6, 15, -1
-0.010, demand, 3, 3->6, 16, -1
-0.010, demand, 3, 3->6, 17, -1
-0.010, demand, 3, 3->6, 18, -1
-0.010, demand, 3, 3->6, 19, -1
-0.010, demand, 3, 3->6, 20, -1
-0.010, demand, 3, 3->6, 21, -1
-0.010, demand, 3, 3->6, 22, -1
-0.010, demand, 3, 3->6, 23, -1
-0.010, demand, 3, 3->6, 24, -1
-0.010, demand, 3, 3->6, 25, -1
-0.010, demand, 3, 3->6, 26, -1
-0.010, demand, 3, 3->6, 27, -1
-0.010, demand, 3, 3->6, 28, -1
-0.010, demand, 3, 3->6, 29, -1
-0.010, demand, 3, 3->6, 30, -1
-0.010, demand, 3, 3->6, 31, -1
-0.010, demand, 3, 3->6, 32, -1
-0.010, demand, 3, 3->6, 33, -1
-0.010, demand, 3, 3->6, 34, -1
-0.010, demand, 3, 3->6, 35, -1
-0.010, demand, 3, 3->6, 36, -1
-0.010, demand, 3, 3->6, 37, -1
-0.010, demand, 3, 3->6, 38, -1
-0.010, demand, 3, 3->6, 39, -1
-0.010, demand, 3, 3->6, 40, -1
-0.010, demand, 3, 3->6, 41, -1
-0.010, demand, 3, 3->6, 42, -1
-0.010, demand, 3, 3->6, 43, -1
-0.010, demand, 3, 3->6, 44, -1
-0.010, demand, 3, 3->6, 45, -1
-0.010, demand, 3, 3->6, 46, -1
-0.010, demand, 3, 3->6, 47, -1
-0.010, demand, 3, 3->6, 48, -1
-0.010, demand, 3, 3->6, 49, -1
-0.010, demand, 3, 3->6, 50, -1
-0.010, demand, 3, 3->6, 51, -1
-0.010, demand, 3, 3->6, 52, -1
-0.010, demand, 3, 3->6, 53, -1
-0.010, demand, 3, 3->6, 54, -1
-0.010, demand, 3, 3->6, 55, -1
-0.010, demand, 3, 3->6, 56, -1
-0.010, demand, 3, 3->6, 57, -1
-0.010, demand, 3, 3->6, 58, -1
-0.010, demand, 3, 3->6, 59, -1
-0.010, demand, 3, 3->6, 60, -1
-0.010, demand, 3, 3->6, 61, -1
-0.010, demand, 3, 3->6, 62, -1
-0.010, demand, 3, 3->6, 63, -1
-0.010, demand, 3, 3->6, 64, -1
-0.010, demand, 3, 3->6, 65, -1
-0.010, demand, 3, 3->6, 66, -1
-0.010, demand, 3, 3->6, 67, -1
-0.010, demand, 3, 3->6, 68, -1
-0.010, demand, 3, 3->6, 69, -1
-0.010, demand, 3, 3->6, 70, -1
-0.010, demand, 3, 3->6, 71, -1
-0.010, demand, 3, 3->6, 72, -1
-0.010, demand, 3, 3->6, 73, -1
-0.010, demand, 3, 3->6, 74, -1
-0.010, demand, 3, 3->6, 75, -1
-0.010, demand, 3, 3->6, 76, -1
-0.010, demand, 3, 3->6, 77, -1
-0.010, demand, 3, 3->6, 78, -1
-0.010, demand, 3, 3->6, 79, -1
-0.010, demand, 3, 3->6, 80, -1
-0.010, demand, 3, 3->6, 81, -1
-0.010, demand, 3, 3->6, 82, -1
-0.010, demand, 3, 3->6, 83, -1
-0.010, demand, 3, 3->6, 84, -1
-0.010, demand, 3, 3->6, 85, -1
-0.010, demand, 3, 3->6, 86, -1
-0.010, demand, 3, 3->6, 87, -1
-0.010, demand, 3, 3->6, 88, -1
-0.010, demand, 3, 3->6, 89, -1
-0.010, demand, 3, 3->6, 90, -1
-0.010, demand, 3, 3->6, 91, -1
-0.010, demand, 3, 3->6, 92, -1
-0.010, demand, 3, 3->6, 93, -1
-0.010, demand, 3, 3->6, 94, -1
-0.010, demand, 3, 3->6, 95, -1
-0.010, demand, 3, 3->6, 96, -1
-0.010, demand, 3, 3->6, 97, -1
-0.010, demand, 3, 3->6, 98, -1
-0.010, demand, 4, 4->1, 0, -1
-0.010, demand, 4, 4->1, 1, -1
-0.010, demand, 4, 4->1, 2, -1
-0.010, demand, 4, 4->1, 3, -1
-0.010, demand, 4, 4->1, 4, -1
-0.010, demand, 4, 4->1, 5, -1
-0.010, demand, 4, 4->1, 6, -1
-0.010, demand, 4, 4->1, 7, -1
-0.010, demand, 4, 4->1, 8, -1
-0.010, demand, 4, 4->1, 9, -1
-0.010, demand, 4, 4->1, 10, -1
-0.010, demand, 4, 4->1, 11, -1
-0.010, demand, 4, 4->1, 12, -1
-0.010, demand, 4, 4->1, 13, -1
-0.010, demand, 4, 4->1, 14, -1
-0.010, demand, 4, 4->1, 15, -1
-0.010, demand, 4, 4->1, 16, -1
-0.010, demand, 4, 4->1, 17, -1
-0.010, demand, 4, 4->1, 18, -1
-0.010, demand, 4, 4->1, 19, -1
-0.010, demand, 4, 4->1, 20, -1
-0.010, demand, 4, 4->1, 21, -1
-0.010, demand, 4, 4->1, 22, -1
-0.010, demand, 4, 4->1, 23, -1
-0.010, demand, 4, 4->1, 24, -1
-0.010, demand, 4, 4->1, 25, -1
-0.010, demand, 4, 4->1, 26, -1
-0.010, demand, 4, 4->1, 27, -1
-0.010, demand, 4, 4->1, 28, -1
-0.010, demand, 4, 4->1, 29, -1
-0.010, demand, 4, 4->1, 30, -1
-0.010, demand, 4, 4->1, 31, -1
-0.010, demand, 4, 4->1, 32, -1
-0.010, demand, 4, 4->1, 33, -1
-0.010, demand, 4, 4->1, 34, -1
-0.010, demand, 4, 4->1, 35, -1
-0.010, demand, 4, 4->1, 36, -1
-0.010, demand, 4, 4->1, 37, -1
-0.010, demand, 4, 4->1, 38, -1
-0.010, demand, 4, 4->1, 39, -1
-0.010, demand, 4, 4->1, 40, -1
-0.010, demand, 4, 4->1, 41, -1
-0.010, demand, 4, 4->1, 42, -1
-0.010, demand, 4, 4->1, 43, -1
-0.010, demand, 4, 4->1, 44, -1
-0.010, demand, 4, 4->1, 45, -1
-0.010, demand, 4, 4->1, 46, -1
-0.010, demand, 4, 4->1, 47, -1
-0.010, demand, 4, 4->1, 48, -1
-0.010, demand, 4, 4->1, 49, -1
-0.010, demand, 4, 4->1, 50, -1
-0.010, demand, 4, 4->1, 51, -1
-0.010, demand, 4, 4->1, 52, -1
-0.010, demand, 4, 4->1, 53, -1
-0.010, demand, 4, 4->1, 54, -1
-0.010, demand, 4, 4->1, 55, -1
-0.010, demand, 4, 4->1, 56, -1
-0.010, demand, 4, 4->1, 57, -1
-0.010, demand, 4, 4->1, 58, -1
-0.010, demand, 4, 4->1, 59, -1
-0.010, demand, 4, 4->1, 60, -1
-0.010, demand, 4, 4->1, 61, -1
-0.010, demand, 4, 4->1, 62, -1
-0.010, demand, 4, 4->1, 63, -1
-0.010, demand, 4, 4->1, 64, -1
-0.010, demand, 4, 4->1, 65, -1
-0.010, demand, 4, 4->1, 66, -1
-0.010, demand, 4, 4->1, 67, -1
-0.010, demand, 4, 4->1, 68, -1
-0.010, demand, 4, 4->1, 69, -1
-0.010, demand, 4, 4->1, 70, -1
-0.010, demand, 4, 4->1, 71, -1
-0.010, demand, 4, 4->1, 72, -1
-0.010, demand, 4, 4->1, 73, -1
-0.010, demand, 4, 4->1, 74, -1
-0.010, demand, 4, 4->1, 75, -1
-0.010, demand, 4, 4->1, 76, -1
-0.010, demand, 4, 4->1, 77, -1
-0.010, demand, 4, 4->1, 78, -1
-0.010, demand, 4, 4->1, 79, -1
-0.010, demand, 4, 4->1, 80, -1
-0.010, demand, 4, 4->1, 81, -1
-0.010, demand, 4, 4->1, 82, -1
-0.010, demand, 4, 4->1, 83, -1
-0.010, demand, 4, 4->1, 84, -1
-0.010, demand, 4, 4->1, 85, -1
-0.010, demand, 4, 4->1, 86, -1
-0.010, demand, 4, 4->1, 87, -1
-0.010, demand, 4, 4->1, 88, -1
-0.010, demand, 4, 4->1, 89, -1
-0.010, demand, 4, 4->1, 90, -1
-0.010, demand, 4, 4->1, 91, -1
-0.010, demand, 4, 4->1, 92, -1
-0.010, demand, 4, 4->1, 93, -1
-0.010, demand, 4, 4->1, 94, -1
-0.010, demand, 4, 4->1, 95, -1
-0.010, demand, 4, 4->1, 96, -1
-0.010, demand, 4, 4->1, 97, -1
-0.010, demand, 4, 4->1, 98, -1
-0.010, demand, 5, 5->0, 0, -1
-0.010, demand, 5, 5->0, 1, -1
-0.010, demand, 5, 5->0, 2, -1
-0.010, demand, 5, 5->0, 3, -1
-0.010, demand, 5, 5->0, 4, -1
-0.010, demand, 5, 5->0, 5, -1
-0.010, demand, 5, 5->0, 6, -1
-0.010, demand, 5, 5->0, 7, -1
-0.010, demand, 5, 5->0, 8, -1
-0.010, demand, 5, 5->0, 9, -1
-0.010, demand, 5, 5->0, 10, -1
-0.010, demand, 5, 5->0, 11, -1
-0.010, demand, 5, 5->0, 12, -1
-0.010, demand, 5, 5->0, 13, -1
-0.010, demand, 5, 5->0, 14, -1
-0.010, demand, 5, 5->0, 15, -1
-0.010, demand, 5, 5->0, 16, -1
-0.010, demand, 5, 5->0, 17, -1
-0.010, demand, 5, 5->0, 18, -1
-0.010, demand, 5, 5->0, 19, -1
-0.010, demand, 5, 5->0, 20, -1
-0.010, demand, 5, 5->0, 21, -1
-0.010, demand, 5, 5->0, 22, -1
-0.010, demand, 5, 5->0, 23, -1
-0.010, demand, 5, 5->0, 24, -1
-0.010, demand, 5, 5->0, 25, -1
-0.010, demand, 5, 5->0, 26, -1
-0.010, demand, 5, 5->0, 27, -1
-0.010, demand, 5, 5->0, 28, -1
-0.010, demand, 5, 5->0, 29, -1
-0.010, demand, 5, 5->0, 30, -1
-0.010, demand, 5, 5->0, 31, -1
-0.010, demand, 5, 5->0, 32, -1
-0.010, demand, 5, 5->0, 33, -1
-0.010, demand, 5, 5->0, 34, -1
-0.010, demand, 5, 5->0, 35, -1
-0.010, demand, 5, 5->0, 36, -1
-0.010, demand, 5, 5->0, 37, -1
-0.010, demand, 5, 5->0, 38, -1
-0.010, demand, 5, 5->0, 39, -1
-0.010, demand, 5, 5->0, 40, -1
-0.010, demand, 5, 5->0, 41, -1
-0.010, demand, 5, 5->0, 42, -1
-0.010, demand, 5, 5->0, 43, -1
-0.010, demand, 5, 5->0, 44, -1
-0.010, demand, 5, 5->0, 45, -1
-0.010, demand, 5, 5->0, 46, -1
-0.010, demand, 5, 5->0, 47, -1
-0.010, demand, 5, 5->0, 48, -1
-0.010, demand, 5, 5->0, 49, -1
-0.010, demand, 5, 5->0, 50, -1
-0.010, demand, 5, 5->0, 51, -1
-0.010, demand, 5, 5->0, 52, -1
-0.010, demand, 5, 5->0, 53, -1
-0.010, demand, 5, 5->0, 54, -1
-0.010, demand, 5, 5->0, 55, -1
-0.010, demand, 5, 5->0, 56, -1
-0.010, demand, 5, 5->0, 57, -1
-0.010, demand, 5, 5->0, 58, -1
-0.010, demand, 5, 5->0, 59, -1
-0.010, demand, 5, 5->0, 60, -1
-0.010, demand, 5, 5->0, 61, -1
-0.010, demand, 5, 5->0, 62, -1
-0.010, demand, 5, 5->0, 63, -1
-0.010, demand, 5, 5->0, 64, -1
-0.010, demand, 5, 5->0, 65, -1
-0.010, demand, 5, 5->0, 66, -1
-0.010, demand, 5, 5->0, 67, -1
-0.010, demand, 5, 5->0, 68, -1
-0.010, demand, 5, 5->0, 69, -1
-0.010, demand, 5, 5->0, 70, -1
-0.010, demand, 5, 5->0, 71, -1
-0.010, demand, 5, 5->0, 72, -1
-0.010, demand, 5, 5->0, 73, -1
-0.010, demand, 5, 5->0, 74, -1
-0.010, demand, 5, 5->0, 75, -1
-0.010, demand, 5, 5->0, 76, -1
-0.010, demand, 5, 5->0, 77, -1
-0.010, demand, 5, 5->0, 78, -1
-0.010, demand, 5, 5->0, 79, -1
-0.010, demand, 5, 5->0, 80, -1
-0.010, demand, 5, 5->0, 81, -1
-0.010, demand, 5, 5->0, 82, -1
-0.010, demand, 5, 5->0, 83, -1
-0.010, demand, 5, 5->0, 84, -1
-0.010, demand, 5, 5->0, 85, -1
-0.010, demand, 5, 5->0, 86, -1
-0.010, demand, 5, 5->0, 87, -1
-0.010, demand, 5, 5->0, 88, -1
-0.010, demand, 5, 5->0, 89, -1
-0.010, demand, 5, 5->0, 90, -1
-0.010, demand, 5, 5->0, 91, -1
-0.010, demand, 5, 5->0, 92, -1
-0.010, demand, 5, 5->0, 93, -1
-0.010, demand, 5, 5->0, 94, -1
-0.010, demand, 5, 5->0, 95, -1
-0.010, demand, 5, 5->0, 96, -1
-0.010, demand, 5, 5->0, 97, -1
-0.010, demand, 5, 5->0, 98, -1
-0.010, demand, 6, 6->2, 0, -1
-0.010, demand, 6, 6->2, 1, -1
-0.010, demand, 6, 6->2, 2, -1
-0.010, demand, 6, 6->2, 3, -1
-0.010, demand, 6, 6->2, 4, -1
-0.010, demand, 6, 6->2, 5, -1
-0.010, demand, 6, 6->2, 6, -1
-0.010, demand, 6, 6->2, 7, -1
-0.010, demand, 6, 6->2, 8, -1
-0.010, demand, 6, 6->2, 9, -1
-0.010, demand, 6, 6->2, 10, -1
-0.010, demand, 6, 6->2, 11, -1
-0.010, demand, 6, 6->2, 12, -1
-0.010, demand, 6, 6->2, 13, -1
-0.010, demand, 6, 6->2, 14, -1
-0.010, demand, 6, 6->2, 15, -1
-0.010, demand, 6, 6->2, 16, -1
-0.010, demand, 6, 6->2, 17, -1
-0.010, demand, 6, 6->2, 18, -1
-0.010, demand, 6, 6->2, 19, -1
-0.010, demand, 6, 6->2, 20, -1
-0.010, demand, 6, 6->2, 21, -1
-0.010, demand, 6, 6->2, 22, -1
-0.010, demand, 6, 6->2, 23, -1
-0.010, demand, 6, 6->2, 24, -1
-0.010, demand, 6, 6->2, 25, -1
-0.010, demand, 6, 6->2, 26, -1
-0.010, demand, 6, 6->2, 27, -1
-0.010, demand, 6, 6->2, 28, -1
-0.010, demand, 6, 6->2, 29, -1
-0.010, demand, 6, 6->2, 30, -1
-0.010, demand, 6, 6->2, 31, -1
-0.010, demand, 6, 6->2, 32, -1
-0.010, demand, 6, 6->2, 33, -1
-0.010, demand, 6, 6->2, 34, -1
-0.010, demand, 6, 6->2, 35, -1
-0.010, demand, 6, 6->2, 36, -1
-0.010, demand, 6, 6->2, 37, -1
-0.010, demand, 6, 6->2, 38, -1
-0.010, demand, 6, 6->2, 39, -1
-0.010, demand, 6, 6->2, 40, -1
-0.010, demand, 6, 6->2, 41, -1
-0.010, demand, 6, 6->2, 42, -1
-0.010, demand, 6, 6->2, 43, -1
-0.010, demand, 6, 6->2, 44, -1
-0.010, demand, 6, 6->2, 45, -1
-0.010, demand, 6, 6->2, 46, -1
-0.010, demand, 6, 6->2, 47, -1
-0.010, demand, 6, 6->2, 48, -1
-0.010, demand, 6, 6->2, 49, -1
-0.010, demand, 6, 6->2, 50, -1
-0.010, demand, 6, 6->2, 51, -1
-0.010, demand, 6, 6->2, 52, -1
-0.010, demand, 6, 6->2, 53, -1
-0.010, demand, 6, 6->2, 54, -1
-0.010, demand, 6, 6->2, 55, -1
-0.010, demand, 6, 6->2, 56, -1
-0.010, demand, 6, 6->2, 57, -1
-0.010, demand, 6, 6->2, 58, -1
-0.010, demand, 6, 6->2, 59, -1
-0.010, demand, 6, 6->2, 60, -1
-0.010, demand, 6, 6->2, 61, -1
-0.010, demand, 6, 6->2, 62, -1
-0.010, demand, 6, 6->2, 63, -1
-0.010, demand, 6, 6->2, 64, -1
-0.010, demand, 6, 6->2, 65, -1
-0.010, demand, 6, 6->2, 66, -1
-0.010, demand, 6, 6->2, 67, -1
-0.010, demand, 6, 6->2, 68, -1
-0.010, demand, 6, 6->2, 69, -1
-0.010, demand, 6, 6->2, 70, -1
-0.010, demand, 6, 6->2, 71, -1
-0.010, demand, 6, 6->2, 72, -1
-0.010, demand, 6, 6->2, 73, -1
-0.010, demand, 6, 6->2, 74, -1
-0.010, demand, 6, 6->2, 75, -1
-0.010, demand, 6, 6->2, 76, -1
-0.010, demand, 6, 6->2, 77, -1
-0.010, demand, 6, 6->2, 78, -1
-0.010, demand, 6, 6->2, 79, -1
-0.010, demand, 6, 6->2, 80, -1
-0.010, demand, 6, 6->2, 81, -1
-0.010, demand, 6, 6->2, 82, -1
-0.010, demand, 6, 6->2, 83, -1
-0.010, demand, 6, 6->2, 84, -1
-0.010, demand, 6, 6->2, 85, -1
-0.010, demand, 6, 6->2, 86, -1
-0.010, demand, 6, 6->2, 87, -1
-0.010, demand, 6, 6->2, 88, -1
-0.010, demand, 6, 6->2, 89, -1
-0.010, demand, 6, 6->2, 90, -1
-0.010, demand, 6, 6->2, 91, -1
-0.010, demand, 6, 6->2, 92, -1
-0.010, demand, 6, 6->2, 93, -1
-0.010, demand, 6, 6->2, 94, -1
-0.010, demand, 6, 6->2, 95, -1
-0.010, demand, 6, 6->2, 96, -1
-0.010, demand, 6, 6->2, 97, -1
-0.010, demand, 6, 6->2, 98, -1
-0.010, demand, 7, 7->3, 0, -1
-0.010, demand, 7, 7->3, 1, -1
-0.010, demand, 7, 7->3, 2, -1
-0.010, demand, 7, 7->3, 3, -1
-0.010, demand, 7, 7->3, 4, -1
-0.010, demand, 7, 7->3, 5, -1
-0.010, demand, 7, 7->3, 6, -1
-0.010, demand, 7, 7->3, 7, -1
-0.010, demand, 7, 7->3, 8, -1
-0.010, demand, 7, 7->3, 9, -1
-0.010, demand, 7, 7->3, 10, -1
-0.010, demand, 7, 7->3, 11, -1
-0.010, demand, 7, 7->3, 12, -1
-0.010, demand, 7, 7->3, 13, -1
-0.010, demand, 7, 7->3, 14, -1
-0.010, demand, 7, 7->3, 15, -1
-0.010, demand, 7, 7->3, 16, -1
-0.010, demand, 7, 7->3, 17, -1
-0.010, demand, 7, 7->3, 18, -1
-0.010, demand, 7, 7->3, 19, -1
-0.010, demand, 7, 7->3, 20, -1
-0.010, demand, 7, 7->3, 21, -1
-0.010, demand, 7, 7->3, 22, -1
-0.010, demand, 7, 7->3, 23, -1
-0.010, demand, 7, 7->3, 24, -1
-0.010, demand, 7, 7->3, 25, -1
-0.010, demand, 7, 7->3, 26, -1
-0.010, demand, 7, 7->3, 27, -1
-0.010, demand, 7, 7->3, 28, -1
-0.010, demand, 7, 7->3, 29, -1
-0.010, demand, 7, 7->3, 30, -1
-0.010, demand, 7, 7->3, 31, -1
-0.010, demand, 7, 7->3, 32, -1
-0.010, demand, 7, 7->3, 33, -1
-0.010, demand, 7, 7->3, 34, -1
-0.010, demand, 7, 7->3, 35, -1
-0.010, demand, 7, 7->3, 36, -1
-0.010, demand, 7, 7->3, 37, -1
-0.010, demand, 7, 7->3, 38, -1
-0.010, demand, 7, 7->3, 39, -1
-0.010, demand, 7, 7->3, 40, -1
-0.010, demand, 7, 7->3, 41, -1
-0.010, demand, 7, 7->3, 42, -1
-0.010, demand, 7, 7->3, 43, -1
-0.010, demand, 7, 7->3, 44, -1
-0.010, demand, 7, 7->3, 45, -1
-0.010, demand, 7, 7->3, 46, -1
-0.010, demand, 7, 7->3, 47, -1
-0.010, demand, 7, 7->3, 48, -1
-0.010, demand, 7, 7->3, 49, -1
-0.010, demand, 7, 7->3, 50, -1
-0.010, demand, 7, 7->3, 51, -1
-0.010, demand, 7, 7->3, 52, -1
-0.010, demand, 7, 7->3, 53, -1
-0.010, demand, 7, 7->3, 54, -1
-0.010, demand, 7, 7->3, 55, -1
-0.010, demand, 7, 7->3, 56, -1
-0.010, demand, 7, 7->3, 57, -1
-0.010, demand, 7, 7->3, 58, -1
-0.010, demand, 7, 7->3, 59, -1
-0.010, demand, 7, 7->3, 60, -1
-0.010, demand, 7, 7->3, 61, -1
-0.010, demand, 7, 7->3, 62, -1
-0.010, demand, 7, 7->3, 63, -1
-0.010, demand, 7, 7->3, 64, -1
-0.010, demand, 7, 7->3, 65, -1
-0.010, demand, 7, 7->3, 66, -1
-0.010, demand, 7, 7->3, 67, -1
-0.010, demand, 7, 7->3, 68, -1
-0.010, demand, 7, 7->3, 69, -1
-0.010, demand, 7, 7->3, 70, -1
-0.010, demand, 7, 7->3, 71, -1
-0.010, demand, 7, 7->3, 72, -1
-0.010, demand, 7, 7->3, 73, -1
-0.010, demand, 7, 7->3, 74, -1
-0.010, demand, 7, 7->3, 75, -1
-0.010, demand, 7, 7->3, 76, -1
-0.010, demand, 7, 7->3, 77, -1
-0.010, demand, 7, 7->3, 78, -1
-0.010, demand, 7, 7->3, 79, -1
-0.010, demand, 7, 7->3, 80, -1
-0.010, demand, 7, 7->3, 81, -1
-0.010, demand, 7, 7->3, 82, -1
-0.010, demand, 7, 7->3, 83, -1
-0.010, demand, 7, 7->3, 84, -1
-0.010, demand, 7, 7->3, 85, -1
-0.010, demand, 7, 7->3, 86, -1
-0.010, demand, 7, 7->3, 87, -1
-0.010, demand, 7, 7->3, 88, -1
-0.010, demand, 7, 7->3, 89, -1
-0.010, demand, 7, 7->3, 90, -1
-0.010, demand, 7, 7->3, 91, -1
-0.010, demand, 7, 7->3, 92, -1
-0.010, demand, 7, 7->3, 93, -1
-0.010, demand, 7, 7->3, 94, -1
-0.010, demand, 7, 7->3, 95, -1
-0.010, demand, 7, 7->3, 96, -1
-0.010, demand, 7, 7->3, 97, -1
-0.010, demand, 7, 7->3, 98, -1
0.000, 0, 4, 0->4, 0, 1
0.000, 6, 2, 6->2, 0, 1
0.000, 1, 5, 1->5, 0, 1
0.000, 7, 3, 7->3, 0, 1
0.000, 5, 6, 5->0, 0, 0
0.000, 5, 1, 5->0, 1, 1
0.000, 5, 4, 5->0, 2, 2
0.000, 6, 7, 6->2, 1, 0
0.000, 6, 5, 6->2, 2, 2
0.000, 2, 3, 2->7, 0, 0
0.000, 2, 6, 2->7, 1, 1
0.000, 2, 1, 2->7, 2, 2
0.000, 0, 1, 0->4, 1, 0
0.000, 0, 7, 0->4, 2, 2
0.000, 1, 2, 1->5, 1, 0
0.000, 1, 0, 1->5, 2, 2
0.000, 3, 4, 3->6, 0, 0
0.000, 3, 7, 3->6, 1, 1
0.000, 3, 2, 3->6, 2, 2
0.000, 4, 5, 4->1, 0, 0
0.000, 4, 0, 4->1, 1, 1
0.000, 4, 3, 4->1, 2, 2
0.000, 7, 0, 7->3, 1, 0
0.000, 7, 6, 7->3, 2, 2
0.333, 4, 6, 3->6, 0, 0
0.333, 7, 4, 0->4, 2, 1
0.333, 5, 2, 6->2, 2, 1
0.333, 6, 0, 5->0, 0, 0
0.333, 6, 3, 7->3, 2, 1
0.333, 6, 7, 2->7, 1, 2
0.333, 0, 5, 1->5, 2, 1
0.333, 0, 1, 4->1, 1, 2
0.333, 2, 7, 2->7, 3, 1
0.333, 4, 1, 4->1, 3, 1
0.333, 1, 3, 1->5, 3, 0
0.333, 1, 6, 1->5, 4, 1
0.333, 5, 7, 5->0, 3, 0
0.333, 5, 6, 5->0, 4, 2
0.333, 2, 4, 2->7, 4, 0
0.333, 7, 1, 7->3, 3, 0
0.333, 3, 5, 3->6, 3, 0
0.333, 3, 0, 3->6, 4, 1
0.333, 3, 4, 3->6, 5, 2
0.333, 0, 2, 0->4, 3, 0
0.667, 2, 5, 1->5, 1, 0
0.667, 2, 4, 0->4, 3, 2
0.667, 4, 7, 2->7, 4, 0
0.667, 4, 6, 3->6, 5, 2
0.667, 0, 3, 7->3, 1, 0
0.667, 0, 6, 3->6, 4, 1
0.667, 6, 0, 5->0, 4, 2
0.667, 7, 2, 6->2, 1, 0
0.667, 3, 1, 4->1, 2, 1
0.667, 3, 5, 1->5, 3, 2
0.667, 1, 4, 0->4, 1, 0
0.667, 1, 7, 2->7, 2, 1
0.667, 1, 3, 7->3, 3, 2
0.667, 5, 0, 5->0, 5, 0
0.667, 3, 6, 3->6, 6, 0
0.667, 5, 3, 5->0, 6, 1
0.667, 0, 2, 0->4, 4, 2
0.667, 2, 0, 2->7, 5, 1
0.667, 6, 1, 6->2, 3, 0
0.667, 6, 4, 6->2, 4, 1
0.667, 7, 5, 7->3, 4, 1
0.667, 7, 1, 7->3, 5, 2
0.667, 4, 2, 4->1, 4, 1
1.000, 3, 7, 2->7, 0, 1
1.000, 2, 6, 3->6, 2, 1
1.000, 2, 1, 4->1, 4, 2
1.000, 4, 0, 5->0, 2, 1
1.000, 0, 7, 2->7, 5, 2
1.000, 1, 2, 6->2, 3, 0
1.000, 1, 0, 5->0, 1, 2
1.000, 7, 0, 5->0, 3, 0
1.000, 7, 6, 3->6, 1, 2
1.000, 5, 6, 3->6, 3, 0
1.000, 5, 1, 4->1, 0, 1
1.000, 6, 5, 1->5, 4, 2
1.000, 6, 2, 6->2, 5, 1
1.000, 1, 5, 1->5, 5, 1
1.000, 0, 4, 0->4, 5, 1
1.000, 7, 3, 7->3, 6, 1
1.000, 6, 7, 6->2, 6, 0
1.000, 2, 3, 2->7, 6, 0
1.000, 5, 4, 5->0, 7, 2
1.000, 3, 4, 3->6, 7, 0
1.000, 3, 2, 3->6, 8, 2
1.000, 0, 1, 0->4, 6, 0
1.000, 4, 5, 4->1, 5, 0
1.000, 4, 3, 4->1, 6, 2
1.333, 1, 3, 7->3, 5, 0
1.333, 3, 0, 5->0, 6, 1
1.333, 4, 6, 3->6, 7, 0
1.333, 2, 4, 0->4, 4, 0
1.333, 4, 1, 4->1, 7, 1
1.333, 2, 7, 2->7, 7, 1
1.333, 1, 6, 1->5, 6, 1
1.333, 1, 2, 1->5, 7, 2
1.333, 0, 2, 0->4, 7, 0
1.333, 0, 5, 0->4, 8, 1
1.333, 5, 7, 5->0, 8, 0
1.333, 5, 2, 5->0, 9, 1
1.333, 5, 6, 5->0, 10, 2
1.333, 7, 1, 7->3, 7, 0
1.333, 7, 4, 7->3, 8, 1
1.333, 7, 0, 7->3, 9, 2
1.333, 3, 5, 3->6, 9, 0
1.333, 3, 4, 3->6, 10, 2
1.333, 6, 0, 6->2, 7, 0
1.333, 6, 3, 6->2, 8, 1
1.667, 0, 3, 7->3, 9, 0
1.667, 0, 2, 6->2, 7, 2
1.667, 2, 5, 1->5, 7, 0
1.667, 2, 0, 5->0, 9, 1
1.667, 2, 4, 0->4, 7, 2
1.667, 1, 4, 0->4, 6, 0
1.667, 1, 3, 7->3, 7, 2
1.667, 4, 2, 6->2, 4, 1
1.667, 4, 6, 3->6, 10, 2
1.667, 5, 3, 7->3, 4, 1
1.667, 3, 1, 4->1, 6, 1
1.667, 7, 2, 6->2, 6, 0
1.667, 6, 0, 5->0, 10, 2
1.667, 5, 0, 5->0, 11, 0
1.667, 3, 6, 3->6, 11, 0
1.667, 7, 5, 7->3, 10, 1
1.667, 7, 1, 7->3, 11, 2
1.667, 6, 1, 6->2, 9, 0
1.667, 6, 4, 6->2, 10, 1
1.667, 1, 7, 1->5, 8, 1
1.667, 4, 7, 4->1, 8, 0
1.667, 0, 6, 0->4, 9, 1
2.000, 4, 0, 5->0, 7, 1
2.000, 4, 3, 7->3, 8, 2
2.000, 5, 6, 3->6, 9, 0
2.000, 5, 1, 4->1, 5, 1
2.000, 5, 4, 0->4, 8, 2
2.000, 2, 6, 3->6, 8, 1
2.000, 6, 5, 1->5, 6, 2
2.000, 1, 2, 6->2, 9, 0
2.000, 3, 7, 2->7, 6, 1
2.000, 3, 2, 6->2, 8, 2
2.000, 7, 0, 5->0, 8, 0
2.000, 0, 4, 0->4, 10, 1
2.000, 1, 5, 1->5, 9, 1
2.000, 6, 2, 6->2, 11, 1
2.000, 7, 3, 7->3, 12, 1
2.000, 3, 4, 3->6, 12, 0
2.000, 4, 5, 4->1, 9, 0
2.000, 7, 6, 7->3, 13, 2
2.000, 0, 1, 0->4, 11, 0
2.000, 0, 7, 0->4, 12, 2
2.000, 6, 7, 6->2, 12, 0
2.000, 2, 3, 2->7, 8, 0
2.000, 2, 1, 2->7, 9, 2
2.000, 1, 0, 1->5, 10, 2
2.333, 6, 3, 7->3, 13, 1
2.333, 7, 1, 4->1, 8, 0
2.333, 7, 4, 0->4, 12, 1
2.333, 1, 3, 7->3, 11, 0
2.333, 0, 5, 1->5, 10, 1
2.333, 4, 6, 3->6, 12, 0
2.333, 4, 1, 4->1, 10, 1
2.333, 2, 7, 2->7, 10, 1
2.333, 5, 7, 5->0, 12, 0
2.333, 5, 2, 5->0, 13, 1
2.333, 5, 6, 5->0, 14, 2
2.333, 0, 2, 0->4, 13, 0
2.333, 3, 5, 3->6, 13, 0
2.333, 3, 0, 3->6, 14, 1
2.333, 3, 4, 3->6, 15, 2
2.333, 1, 6, 1->5, 11, 1
2.333, 1, 2, 1->5, 12, 2
2.333, 2, 4, 2->7, 11, 0
2.333, 6, 0, 6->2, 13, 0
2.333, 7, 0, 7->3, 14, 2
2.667, 5, 3, 7->3, 10, 1
2.667, 2, 5, 1->5, 12, 0
2.667, 2, 0, 5->0, 13, 1
2.667, 2, 4, 0->4, 13, 2
2.667, 6, 4, 0->4, 9, 1
2.667, 6, 0, 5->0, 14, 2
2.667, 7, 2, 6->2, 12, 0
2.667, 7, 5, 1->5, 8, 1
2.667, 1, 4, 0->4, 11, 0
2.667, 1, 7, 2->7, 9, 1
2.667, 4, 7, 2->7, 11, 0
2.667, 4, 2, 6->2, 10, 1
2.667, 4, 6, 3->6, 15, 2
2.667, 0, 3, 7->3, 14, 0
2.667, 0, 6, 3->6, 14, 1
2.667, 0, 2, 6->2, 13, 2
2.667, 5, 0, 5->0, 15, 0
2.667, 3, 6, 3->6, 16, 0
2.667, 3, 1, 3->6, 17, 1
2.667, 1, 3, 1->5, 13, 2
2.667, 7, 1, 7->3, 15, 2
2.667, 6, 1, 6->2, 14, 0
3.000, 5, 6, 3->6, 13, 0
3.000, 5, 1, 4->1, 9, 1
3.000, 1, 2, 6->2, 14, 0
3.000, 7, 0, 5->0, 12, 0
3.000, 3, 7, 2->7, 8, 1
3.000, 6, 5, 1->5, 11, 2
3.000, 0, 4, 0->4, 14, 1
3.000, 1, 5, 1->5, 14, 1
3.000, 6, 2, 6->2, 15, 1
3.000, 7, 3, 7->3, 16, 1
3.000, 7, 6, 7->3, 17, 2
3.000, 5, 4, 5->0, 16, 2
3.000, 3, 4, 3->6, 18, 0
3.000, 3, 2, 3->6, 19, 2
3.000, 4, 5, 4->1, 11, 0
3.000, 4, 0, 4->1, 12, 1
3.000, 4, 3, 4->1, 13, 2
3.000, 6, 7, 6->2, 16, 0
3.000, 2, 3, 2->7, 12, 0
3.000, 2, 6, 2->7, 13, 1
3.000, 2, 1, 2->7, 14, 2
3.000, 0, 1, 0->4, 15, 0
3.000, 0, 7, 0->4, 16, 2
3.000, 1, 0, 1->5, 15, 2
3.333, 0, 5, 1->5, 15, 1
3.333, 0, 1, 4->1, 12, 2
3.333, 3, 5, 1->5, 13, 0
3.333, 4, 6, 3->6, 18, 0
3.333, 1, 3, 7->3, 15, 0
3.333, 1, 6, 3->6, 17, 1
3.333, 7, 4, 0->4, 16, 1
3.333, 6, 3, 7->3, 17, 1
3.333, 6, 7, 2->7, 13, 2
3.333, 2, 7, 2->7, 15, 1
3.333, 4, 1, 4->1, 14, 1
3.333, 5, 7, 5->0, 17, 0
3.333, 5, 2, 5->0, 18, 1
3.333, 5, 6, 5->0, 19, 2
3.333, 3, 0, 3->6, 20, 1
3.333, 3, 4, 3->6, 21, 2
3.333, 0, 2, 0->4, 17, 0
3.333, 1, 2, 1->5, 16, 2
3.333, 2, 4, 2->7, 16, 0
3.333, 7, 1, 7->3, 18, 0
3.333, 7, 0, 7->3, 19, 2
3.333, 6, 0, 6->2, 17, 0
3.667, 2, 5, 1->5, 16, 0
3.667, 2, 0, 5->0, 18, 1
3.667, 2, 4, 0->4, 17, 2
3.667, 1, 4, 0->4, 15, 0
3.667, 1, 7, 2->7, 14, 1
3.667, 1, 3, 7->3, 18, 2
3.667, 3, 1, 4->1, 13, 1
3.667, 6, 0, 5->0, 19, 2
3.667, 4, 7, 2->7, 16, 0
3.667, 4, 6, 3->6, 21, 2
3.667, 0, 3, 7->3, 19, 0
3.667, 0, 6, 3->6, 20, 1
3.667, 0, 2, 6->2, 17, 2
3.667, 7, 2, 6->2, 16, 0
3.667, 3, 6, 3->6, 22, 0
3.667, 5, 0, 5->0, 20, 0
3.667, 4, 2, 4->1, 15, 1
3.667, 3, 5, 3->6, 23, 2
3.667, 6, 1, 6->2, 18, 0
3.667, 6, 4, 6->2, 19, 1
3.667, 7, 5, 7->3, 20, 1
3.667, 7, 1, 7->3, 21, 2
3.667, 5, 3, 5->0, 21, 1
4.000, 1, 2, 6->2, 18, 0
4.000, 2, 6, 3->6, 19, 1
4.000, 2, 1, 4->1, 15, 2
4.000, 3, 7, 2->7, 12, 1
4.000, 5, 6, 3->6, 23, 0
4.000, 5, 1, 4->1, 11, 1
4.000, 4, 0, 5->0, 16, 1
4.000, 7, 0, 5->0, 17, 0
4.000, 1, 5, 1->5, 17, 1
4.000, 0, 4, 0->4, 18, 1
4.000, 6, 2, 6->2, 20, 1
4.000, 7, 3, 7->3, 22, 1
4.000, 6, 7, 6->2, 21, 0
4.000, 6, 5, 6->2, 22, 2
4.000, 2, 3, 2->7, 17, 0
4.000, 1, 0, 1->5, 18, 2
4.000, 7, 6, 7->3, 23, 2
4.000, 4, 5, 4->1, 16, 0
4.000, 4, 3, 4->1, 17, 2
4.000, 5, 4, 5->0, 22, 2
4.000, 0, 1, 0->4, 19, 0
4.000, 0, 7, 0->4, 20, 2
4.000, 3, 4, 3->6, 24, 0
4.000, 3, 2, 3->6, 25, 2
4.333, 4, 6, 3->6, 24, 0
4.333, 1, 3, 7->3, 21, 0
4.333, 0, 5, 1->5, 18, 1
4.333, 3, 0, 5->0, 21, 1
4.333, 6, 3, 7->3, 23, 1
4.333, 5, 2, 6->2, 22, 1
4.333, 7, 4, 0->4, 20, 1
4.333, 4, 1, 4->1, 18, 1
4.333, 2, 7, 2->7, 18, 1
4.333, 0, 2, 0->4, 21, 0
4.333, 1, 6, 1->5, 19, 1
4.333, 1, 2, 1->5, 20, 2
4.333, 7, 1, 7->3, 24, 0
4.333, 7, 0, 7->3, 25, 2
4.333, 5, 7, 5->0, 23, 0
4.333, 5, 6, 5->0, 24, 2
4.333, 3, 5, 3->6, 26, 0
4.333, 3, 4, 3->6, 27, 2
4.333, 2, 4, 2->7, 19, 0
4.333, 6, 0, 6->2, 23, 0
4.667, 5, 3, 7->3, 20, 1
4.667, 6, 0, 5->0, 24, 2
4.667, 7, 2, 6->2, 21, 0
4.667, 0, 3, 7->3, 25, 0
4.667, 0, 2, 6->2, 23, 2
4.667, 4, 7, 2->7, 19, 0
4.667, 4, 2, 6->2, 19, 1
4.667, 4, 6, 3->6, 27, 2
4.667, 1, 4, 0->4, 19, 0
4.667, 1, 3, 7->3, 24, 2
4.667, 3, 1, 4->1, 17, 1
4.667, 2, 5, 1->5, 20, 0
4.667, 2, 4, 0->4, 21, 2
4.667, 3, 6, 3->6, 28, 0
4.667, 5, 0, 5->0, 25, 0
4.667, 6, 1, 6->2, 24, 0
4.667, 6, 4, 6->2, 25, 1
4.667, 7, 5, 7->3, 26, 1
4.667, 7, 1, 7->3, 27, 2
4.667, 2, 0, 2->7, 20, 1
4.667, 0, 6, 0->4, 22, 1
4.667, 1, 7, 1->5, 21, 1
5.000, 1, 2, 6->2, 24, 0
5.000, 4, 0, 5->0, 22, 1
5.000, 7, 0, 5->0, 23, 0
5.000, 2, 6, 3->6, 25, 1
5.000, 0, 7, 2->7, 20, 2
5.000, 3, 7, 2->7, 17, 1
5.000, 5, 6, 3->6, 26, 0
5.000, 5, 1, 4->1, 16, 1
5.000, 6, 5, 1->5, 19, 2
5.000, 0, 4, 0->4, 23, 1
5.000, 7, 3, 7->3, 28, 1
5.000, 1, 5, 1->5, 22, 1
5.000, 6, 2, 6->2, 26, 1
5.000, 5, 4, 5->0, 26, 2
5.000, 1, 0, 1->5, 23, 2
5.000, 6, 7, 6->2, 27, 0
5.000, 0, 1, 0->4, 24, 0
5.000, 4, 5, 4->1, 19, 0
5.000, 4, 3, 4->1, 20, 2
5.000, 7, 6, 7->3, 29, 2
5.000, 3, 4, 3->6, 29, 0
5.000, 3, 2, 3->6, 30, 2
5.000, 2, 3, 2->7, 21, 0
5.000, 2, 1, 2->7, 22, 2
5.333, 4, 6, 3->6, 29, 0
5.333, 1, 3, 7->3, 27, 0
5.333, 6, 3, 7->3, 29, 1
5.333, 0, 5, 1->5, 23, 1
5.333, 4, 1, 4->1, 21, 1
5.333, 2, 7, 2->7, 23, 1
5.333, 2, 4, 2->7, 24, 0
5.333, 0, 2, 0->4, 25, 0
5.333, 7, 1, 7->3, 30, 0
5.333, 7, 4, 7->3, 31, 1
5.333, 7, 0, 7->3, 32, 2
5.333, 3, 5, 3->6, 31, 0
5.333, 3, 0, 3->6, 32, 1
5.333, 3, 4, 3->6, 33, 2
5.333, 5, 7, 5->0, 27, 0
5.333, 5, 2, 5->0, 28, 1
5.333, 5, 6, 5->0, 29, 2
5.333, 1, 6, 1->5, 24, 1
5.333, 1, 2, 1->5, 25, 2
5.333, 6, 0, 6->2, 28, 0
5.667, 6, 4, 0->4, 22, 1
5.667, 6, 0, 5->0, 29, 2
5.667, 0, 3, 7->3, 32, 0
5.667, 0, 6, 3->6, 32, 1
5.667, 0, 2, 6->2, 28, 2
5.667, 7, 2, 6->2, 27, 0
5.667, 7, 5, 1->5, 21, 1
5.667, 3, 1, 4->1, 20, 1
5.667, 1, 4, 0->4, 24, 0
5.667, 1, 7, 2->7, 22, 1
5.667, 1, 3, 7->3, 30, 2
5.667, 2, 5, 1->5, 25, 0
5.667, 2, 0, 5->0, 28, 1
5.667, 2, 4, 0->4, 25, 2
5.667, 4, 7, 2->7, 24, 0
5.667, 4, 2, 6->2, 25, 1
5.667, 4, 6, 3->6, 33, 2
5.667, 5, 3, 7->3, 26, 1
5.667, 3, 6, 3->6, 34, 0
5.667, 5, 0, 5->0, 30, 0
5.667, 7, 1, 7->3, 33, 2
5.667, 6, 1, 6->2, 29, 0
6.000, 4, 0, 5->0, 26, 1
6.000, 4, 3, 7->3, 31, 2
6.000, 1, 2, 6->2, 29, 0
6.000, 5, 6, 3->6, 31, 0
6.000, 5, 1, 4->1, 19, 1
6.000, 2, 6, 3->6, 30, 1
6.000, 7, 0, 5->0, 27, 0
6.000, 6, 5, 1->5, 24, 2
6.000, 3, 7, 2->7, 21, 1
6.000, 7, 3, 7->3, 34, 1
6.000, 1, 5, 1->5, 26, 1
6.000, 0, 4, 0->4, 26, 1
6.000, 6, 2, 6->2, 30, 1
6.000, 2, 3, 2->7, 25, 0
6.000, 2, 1, 2->7, 26, 2
6.000, 4, 5, 4->1, 22, 0
6.000, 6, 7, 6->2, 31, 0
6.000, 7, 6, 7->3, 35, 2
6.000, 1, 0, 1->5, 27, 2
6.000, 3, 4, 3->6, 35, 0
6.000, 3, 2, 3->6, 36, 2
6.000, 0, 1, 0->4, 27, 0
6.000, 0, 7, 0->4, 28, 2
6.000, 5, 4, 5->0, 31, 2
6.333, 1, 3, 7->3, 33, 0
6.333, 7, 4, 0->4, 28, 1
6.333, 4, 6, 3->6, 35, 0
6.333, 0, 5, 1->5, 27, 1
6.333, 6, 3, 7->3, 35, 1
6.333, 4, 1, 4->1, 23, 1
6.333, 2, 7, 2->7, 27, 1
6.333, 0, 2, 0->4, 29, 0
6.333, 6, 0, 6->2, 32, 0
6.333, 5, 7, 5->0, 32, 0
6.333, 5, 2, 5->0, 33, 1
6.333, 5, 6, 5->0, 34, 2
6.333, 1, 6, 1->5, 28, 1
6.333, 1, 2, 1->5, 29, 2
6.333, 3, 5, 3->6, 37, 0
6.333, 3, 0, 3->6, 38, 1
6.333, 3, 4, 3->6, 39, 2
6.333, 2, 4, 2->7, 28, 0
6.333, 7, 1, 7->3, 36, 0
6.333, 7, 0, 7->3, 37, 2
6.667, 6, 0, 5->0, 34, 2
6.667, 7, 2, 6->2, 31, 0
6.667, 2, 5, 1->5, 29, 0
6.667, 2, 0, 5->0, 33, 1
6.667, 2, 4, 0->4, 29, 2
6.667, 0, 3, 7->3, 37, 0
6.667, 0, 6, 3->6, 38, 1
6.667, 0, 2, 6->2, 32, 2
6.667, 1, 4, 0->4, 27, 0
6.667, 1, 7, 2->7, 26, 1
6.667, 1, 3, 7->3, 36, 2
6.667, 4, 7, 2->7, 28, 0
6.667, 4, 6, 3->6, 39, 2
6.667, 5, 0, 5->0, 35, 0
6.667, 3, 6, 3->6, 40, 0
6.667, 3, 1, 3->6, 41, 1
6.667, 4, 2, 4->1, 24, 1
6.667, 5, 3, 5->0, 36, 1
6.667, 7, 5, 7->3, 38, 1
6.667, 7, 1, 7->3, 39, 2
6.667, 6, 1, 6->2, 33, 0
6.667, 6, 4, 6->2, 34, 1
7.000, 4, 0, 5->0, 31, 1
7.000, 7, 0, 5->0, 32, 0
7.000, 2, 6, 3->6, 36, 1
7.000, 2, 1, 4->1, 24, 2
7.000, 6, 5, 1->5, 28, 2
7.000, 1, 2, 6->2, 33, 0
7.000, 5, 6, 3->6, 37, 0
7.000, 5, 1, 4->1, 22, 1
7.000, 3, 7, 2->7, 25, 1
7.000, 1, 5, 1->5, 30, 1
7.000, 0, 4, 0->4, 30, 1
7.000, 7, 3, 7->3, 40, 1
7.000, 6, 2, 6->2, 35, 1
7.000, 7, 6, 7->3, 41, 2
7.000, 1, 0, 1->5, 31, 2
7.000, 0, 1, 0->4, 31, 0
7.000, 0, 7, 0->4, 32, 2
7.000, 4, 5, 4->1, 25, 0
7.000, 4, 3, 4->1, 26, 2
7.000, 6, 7, 6->2, 36, 0
7.000, 5, 4, 5->0, 37, 2
7.000, 2, 3, 2->7, 29, 0
7.000, 3, 4, 3->6, 42, 0
7.000, 3, 2, 3->6, 43, 2
7.333, 4, 6, 3->6, 42, 0
7.333, 1, 3, 7->3, 39, 0
7.333, 1, 6, 3->6, 41, 1
7.333, 6, 3, 7->3, 41, 1
7.333, 3, 0, 5->0, 36, 1
7.333, 7, 4, 0->4, 32, 1
7.333, 0, 5, 1->5, 31, 1
7.333, 4, 1, 4->1, 27, 1
7.333, 2, 7, 2->7, 30, 1
7.333, 0, 2, 0->4, 33, 0
7.333, 6, 0, 6->2, 37, 0
7.333, 2, 4, 2->7, 31, 0
7.333, 7, 1, 7->3, 42, 0
7.333, 7, 0, 7->3, 43, 2
7.333, 5, 7, 5->0, 38, 0
7.333, 5, 2, 5->0, 39, 1
7.333, 5, 6, 5->0, 40, 2
7.333, 1, 2, 1->5, 32, 2
7.333, 3, 5, 3->6, 44, 0
7.333, 3, 4, 3->6, 45, 2
7.667, 2, 5, 1->5, 32, 0
7.667, 2, 0, 5->0, 39, 1
7.667, 2, 4, 0->4, 33, 2
7.667, 3, 1, 4->1, 26, 1
7.667, 4, 7, 2->7, 31, 0
7.667, 4, 2, 6->2, 34, 1
7.667, 4, 6, 3->6, 45, 2
7.667, 1, 4, 0->4, 31, 0
7.667, 1, 3, 7->3, 42, 2
7.667, 5, 3, 7->3, 38, 1
7.667, 7, 2, 6->2, 36, 0
7.667, 6, 0, 5->0, 40, 2
7.667, 0, 3, 7->3, 43, 0
7.667, 0, 2, 6->2, 37, 2
7.667, 5, 0, 5->0, 41, 0
7.667, 3, 6, 3->6, 46, 0
7.667, 0, 6, 0->4, 34, 1
7.667, 6, 1, 6->2, 38, 0
7.667, 6, 4, 6->2, 39, 1
7.667, 1, 7, 1->5, 33, 1
7.667, 7, 5, 7->3, 44, 1
7.667, 7, 1, 7->3, 45, 2
8.000, 7, 0, 5->0, 38, 0
8.000, 3, 7, 2->7, 29, 1
8.000, 1, 2, 6->2, 38, 0
8.000, 5, 6, 3->6, 44, 0
8.000, 5, 1, 4->1, 25, 1
8.000, 4, 0, 5->0, 37, 1
8.000, 2, 6, 3->6, 43, 1
8.000, 6, 2, 6->2, 40, 1
8.000, 0, 4, 0->4, 35, 1
8.000, 1, 5, 1->5, 34, 1
8.000, 7, 3, 7->3, 46, 1
8.000, 7, 6, 7->3, 47, 2
8.000, 3, 4, 3->6, 47, 0
8.000, 3, 2, 3->6, 48, 2
8.000, 4, 5, 4->1, 28, 0
8.000, 4, 3, 4->1, 29, 2
8.000, 0, 1, 0->4, 36, 0
8.000, 0, 7, 0->4, 37, 2
8.000, 6, 7, 6->2, 41, 0
8.000, 6, 5, 6->2, 42, 2
8.000, 2, 3, 2->7, 32, 0
8.000, 2, 1, 2->7, 33, 2
8.000, 5, 4, 5->0, 42, 2
8.000, 1, 0, 1->5, 35, 2
8.333, 6, 3, 7->3, 47, 1
8.333, 4, 6, 3->6, 47, 0
8.333, 0, 5, 1->5, 35, 1
8.333, 5, 2, 6->2, 42, 1
8.333, 7, 4, 0->4, 37, 1
8.333, 1, 3, 7->3, 45, 0
8.333, 2, 7, 2->7, 34, 1
8.333, 4, 1, 4->1, 30, 1
8.333, 2, 4, 2->7, 35, 0
8.333, 0, 2, 0->4, 38, 0
8.333, 6, 0, 6->2, 43, 0
8.333, 3, 5, 3->6, 49, 0
8.333, 3, 0, 3->6, 50, 1
8.333, 3, 4, 3->6, 51, 2
8.333, 1, 6, 1->5, 36, 1
8.333, 1, 2, 1->5, 37, 2
8.333, 7, 1, 7->3, 48, 0
8.333, 7, 0, 7->3, 49, 2
8.333, 5, 7, 5->0, 43, 0
8.333, 5, 6, 5->0, 44, 2
8.667, 3, 1, 4->1, 29, 1
8.667, 2, 5, 1->5, 37, 0
8.667, 2, 4, 0->4, 38, 2
8.667, 4, 7, 2->7, 35, 0
8.667, 4, 2, 6->2, 39, 1
8.667, 4, 6, 3->6, 51, 2
8.667, 5, 3, 7->3, 44, 1
8.667, 6, 4, 0->4, 34, 1
8.667, 6, 0, 5->0, 44, 2
8.667, 1, 4, 0->4, 36, 0
8.667, 1, 7, 2->7, 33, 1
8.667, 1, 3, 7->3, 48, 2
8.667, 0, 3, 7->3, 49, 0
8.667, 0, 6, 3->6, 50, 1
8.667, 0, 2, 6->2, 43, 2
8.667, 7, 2, 6->2, 41, 0
8.667, 7, 5, 1->5, 33, 1
8.667, 3, 6, 3->6, 52, 0
8.667, 5, 0, 5->0, 45, 0
8.667, 7, 1, 7->3, 50, 2
8.667, 2, 0, 2->7, 36, 1
8.667, 6, 1, 6->2, 44, 0
9.000, 4, 0, 5->0, 42, 1
9.000, 7, 0, 5->0, 43, 0
9.000, 6, 5, 1->5, 36, 2
9.000, 5, 6, 3->6, 49, 0
9.000, 5, 1, 4->1, 28, 1
9.000, 1, 2, 6->2, 44, 0
9.000, 3, 7, 2->7, 32, 1
9.000, 2, 6, 3->6, 48, 1
9.000, 0, 7, 2->7, 36, 2
9.000, 0, 4, 0->4, 39, 1
9.000, 6, 2, 6->2, 45, 1
9.000, 7, 3, 7->3, 51, 1
9.000, 1, 5, 1->5, 38, 1
9.000, 1, 0, 1->5, 39, 2
9.000, 3, 4, 3->6, 53, 0
9.000, 3, 2, 3->6, 54, 2
9.000, 6, 7, 6->2, 46, 0
9.000, 5, 4, 5->0, 46, 2
9.000, 7, 6, 7->3, 52, 2
9.000, 2, 3, 2->7, 37, 0
9.000, 2, 1, 2->7, 38, 2
9.000, 0, 1, 0->4, 40, 0
9.000, 4, 5, 4->1, 31, 0
9.000, 4, 3, 4->1, 32, 2
9.333, 6, 3, 7->3, 52, 1
9.333, 1, 3, 7->3, 50, 0
9.333, 4, 6, 3->6, 53, 0
9.333, 0, 5, 1->5, 39, 1
9.333, 2, 7, 2->7, 39, 1
9.333, 4, 1, 4->1, 33, 1
9.333, 5, 7, 5->0, 47, 0
9.333, 5, 2, 5->0, 48, 1
9.333, 5, 6, 5->0, 49, 2
9.333, 6, 0, 6->2, 47, 0
9.333, 1, 6, 1->5, 40, 1
9.333, 1, 2, 1->5, 41, 2
9.333, 3, 5, 3->6, 55, 0
9.333, 3, 0, 3->6, 56, 1
9.333, 3, 4, 3->6, 57, 2
9.333, 2, 4, 2->7, 40, 0
9.333, 7, 1, 7->3, 53, 0
9.333, 7, 4, 7->3, 54, 1
9.333, 7, 0, 7->3, 55, 2
9.333, 0, 2, 0->4, 41, 0
9.667, 2, 5, 1->5, 41, 0
9.667, 2, 0, 5->0, 48, 1
9.667, 2, 4, 0->4, 41, 2
9.667, 3, 1, 4->1, 32, 1
9.667, 0, 3, 7->3, 55, 0
9.667, 0, 6, 3->6, 56, 1
9.667, 0, 2, 6->2, 47, 2
9.667, 6, 0, 5->0, 49, 2
9.667, 1, 4, 0->4, 40, 0
9.667, 1, 7, 2->7, 38, 1
9.667, 1, 3, 7->3, 53, 2
9.667, 7, 2, 6->2, 46, 0
9.667, 4, 7, 2->7, 40, 0
9.667, 4, 6, 3->6, 57, 2
9.667, 3, 6, 3->6, 58, 0
9.667, 5, 0, 5->0, 50, 0
9.667, 7, 5, 7->3, 56, 1
9.667, 7, 1, 7->3, 57, 2
9.667, 4, 2, 4->1, 34, 1
9.667, 6, 1, 6->2, 48, 0
9.667, 6, 4, 6->2, 49, 1
9.667, 5, 3, 5->0, 51, 1
10.000, 1, 2, 6->2, 48, 0
10.000, 4, 0, 5->0, 46, 1
10.000, 4, 3, 7->3, 54, 2
10.000, 3, 7, 2->7, 37, 1
10.000, 6, 5, 1->5, 40, 2
10.000, 5, 6, 3->6, 55, 0
10.000, 5, 1, 4->1, 31, 1
10.000, 7, 0, 5->0, 47, 0
10.000, 2, 6, 3->6, 54, 1
10.000, 2, 1, 4->1, 34, 2
10.000, 0, 4, 0->4, 42, 1
10.000, 1, 5, 1->5, 42, 1
10.000, 7, 3, 7->3, 58, 1
10.000, 6, 2, 6->2, 50, 1
10.000, 6, 7, 6->2, 51, 0
10.000, 1, 0, 1->5, 43, 2
10.000, 0, 1, 0->4, 43, 0
10.000, 0, 7, 0->4, 44, 2
10.000, 5, 4, 5->0, 52, 2
10.000, 7, 6, 7->3, 59, 2
10.000, 4, 5, 4->1, 35, 0
10.000, 2, 3, 2->7, 41, 0
10.000, 3, 4, 3->6, 59, 0
10.000, 3, 2, 3->6, 60, 2
10.333, 4, 6, 3->6, 59, 0
10.333, 6, 3, 7->3, 59, 1
10.333, 1, 3, 7->3, 57, 0
10.333, 7, 4, 0->4, 44, 1
10.333, 0, 5, 1->5, 43, 1
10.333, 3, 0, 5->0, 51, 1
10.333, 4, 1, 4->1, 36, 1
10.333, 2, 7, 2->7, 42, 1
10.333, 2, 4, 2->7, 43, 0
10.333, 7, 1, 7->3, 60, 0
10.333, 7, 0, 7->3, 61, 2
10.333, 0, 2, 0->4, 45, 0
10.333, 5, 7, 5->0, 53, 0
10.333, 5, 2, 5->0, 54, 1
10.333, 5, 6, 5->0, 55, 2
10.333, 6, 0, 6->2, 52, 0
10.333, 3, 5, 3->6, 61, 0
10.333, 3, 4, 3->6, 62, 2
10.333, 1, 6, 1->5, 44, 1
10.333, 1, 2, 1->5, 45, 2
10.667, 4, 7, 2->7, 43, 0
10.667, 4, 2, 6->2, 49, 1
10.667, 4, 6, 3->6, 62, 2
10.667, 7, 2, 6->2, 51, 0
10.667, 2, 5, 1->5, 45, 0
10.667, 2, 0, 5->0, 54, 1
10.667, 2, 4, 0->4, 45, 2
10.667, 0, 3, 7->3, 61, 0
10.667, 0, 2, 6->2, 52, 2
10.667, 1, 4, 0->4, 43, 0
10.667, 1, 3, 7->3, 60, 2
10.667, 5, 3, 7->3, 56, 1
10.667, 6, 0, 5->0, 55, 2
10.667, 5, 0, 5->0, 56, 0
10.667, 3, 6, 3->6, 63, 0
10.667, 1, 7, 1->5, 46, 1
10.667, 3, 1, 3->6, 64, 1
10.667, 0, 6, 0->4, 46, 1
10.667, 6, 1, 6->2, 53, 0
10.667, 6, 4, 6->2, 54, 1
10.667, 7, 5, 7->3, 62, 1
10.667, 7, 1, 7->3, 63, 2
11.000, 1, 2, 6->2, 53, 0
11.000, 3, 7, 2->7, 41, 1
11.000, 5, 6, 3->6, 61, 0
11.000, 5, 1, 4->1, 35, 1
11.000, 2, 6, 3->6, 60, 1
11.000, 7, 0, 5->0, 53, 0
11.000, 4, 0, 5->0, 52, 1
11.000, 6, 5, 1->5, 44, 2
11.000, 7, 3, 7->3, 64, 1
11.000, 1, 5, 1->5, 47, 1
11.000, 6, 2, 6->2, 55, 1
11.000, 0, 4, 0->4, 47, 1
11.000, 7, 6, 7->3, 65, 2
11.000, 1, 0, 1->5, 48, 2
11.000, 3, 4, 3->6, 65, 0
11.000, 3, 2, 3->6, 66, 2
11.000, 2, 3, 2->7, 44, 0
11.000, 2, 1, 2->7, 45, 2
11.000, 4, 5, 4->1, 37, 0
11.000, 4, 3, 4->1, 38, 2
11.000, 0, 1, 0->4, 48, 0
11.000, 0, 7, 0->4, 49, 2
11.000, 5, 4, 5->0, 57, 2
11.000, 6, 7, 6->2, 56, 0
11.333, 0, 5, 1->5, 48, 1
11.333, 7, 4, 0->4, 49, 1
11.333, 1, 3, 7->3, 63, 0
11.333, 1, 6, 3->6, 64, 1
11.333, 6, 3, 7->3, 65, 1
11.333, 4, 6, 3->6, 65, 0
11.333, 4, 1, 4->1, 39, 1
11.333, 2, 7, 2->7, 46, 1
11.333, 1, 2, 1->5, 49, 2
11.333, 3, 5, 3->6, 67, 0
11.333, 3, 0, 3->6, 68, 1
11.333, 3, 4, 3->6, 69, 2
11.333, 0, 2, 0->4, 50, 0
11.333, 2, 4, 2->7, 47, 0
11.333, 5, 7, 5->0, 58, 0
11.333, 5, 2, 5->0, 59, 1
11.333, 5, 6, 5->0, 60, 2
11.333, 6, 0, 6->2, 57, 0
11.333, 7, 1, 7->3, 66, 0
11.333, 7, 0, 7->3, 67, 2
11.667, 2, 5, 1->5, 49, 0
11.667, 2, 0, 5->0, 59, 1
11.667, 2, 4, 0->4, 50, 2
11.667, 4, 7, 2->7, 47, 0
11.667, 4, 2, 6->2, 54, 1
11.667, 4, 6, 3->6, 69, 2
11.667, 5, 3, 7->3, 62, 1
11.667, 7, 2, 6->2, 56, 0
11.667, 7, 5, 1->5, 46, 1
11.667, 3, 1, 4->1, 38, 1
11.667, 6, 4, 0->4, 46, 1
11.667, 6, 0, 5->0, 60, 2
11.667, 0, 3, 7->3, 67, 0
11.667, 0, 6, 3->6, 68, 1
11.667, 0, 2, 6->2, 57, 2
11.667, 1, 4, 0->4, 48, 0
11.667, 1, 7, 2->7, 45, 1
11.667, 1, 3, 7->3, 66, 2
11.667, 5, 0, 5->0, 61, 0
11.667, 3, 6, 3->6, 70, 0
11.667, 6, 1, 6->2, 58, 0
11.667, 7, 1, 7->3, 68, 2
12.000, 2, 6, 3->6, 66, 1
12.000, 3, 7, 2->7, 44, 1
12.000, 4, 0, 5->0, 57, 1
12.000, 7, 0, 5->0, 58, 0
12.000, 1, 2, 6->2, 58, 0
12.000, 5, 6, 3->6, 67, 0
12.000, 5, 1, 4->1, 37, 1
12.000, 1, 5, 1->5, 50, 1
12.000, 6, 2, 6->2, 59, 1
12.000, 0, 4, 0->4, 51, 1
12.000, 7, 3, 7->3, 69, 1
12.000, 4, 5, 4->1, 40, 0
12.000, 4, 3, 4->1, 41, 2
12.000, 6, 7, 6->2, 60, 0
12.000, 6, 5, 6->2, 61, 2
12.000, 2, 3, 2->7, 48, 0
12.000, 2, 1, 2->7, 49, 2
12.000, 1, 0, 1->5, 51, 2
12.000, 5, 4, 5->0, 62, 2
12.000, 3, 4, 3->6, 71, 0
12.000, 3, 2, 3->6, 72, 2
12.000, 0, 1, 0->4, 52, 0
12.000, 0, 7, 0->4, 53, 2
12.000, 7, 6, 7->3, 70, 2
12.333, 5, 2, 6->2, 61, 1
12.333, 7, 4, 0->4, 53, 1
12.333, 1, 3, 7->3, 68, 0
12.333, 0, 5, 1->5, 51, 1
12.333, 6, 3, 7->3, 70, 1
12.333, 4, 6, 3->6, 71, 0
12.333, 4, 1, 4->1, 42, 1
12.333, 2, 7, 2->7, 50, 1
12.333, 6, 0, 6->2, 62, 0
12.333, 7, 1, 7->3, 71, 0
12.333, 7, 0, 7->3, 72, 2
12.333, 1, 6, 1->5, 52, 1
12.333, 1, 2, 1->5, 53, 2
12.333, 5, 7, 5->0, 63, 0
12.333, 5, 6, 5->0, 64, 2
12.333, 2, 4, 2->7, 51, 0
12.333, 3, 5, 3->6, 73, 0
12.333, 3, 0, 3->6, 74, 1
12.333, 3, 4, 3->6, 75, 2
12.333, 0, 2, 0->4, 54, 0
12.667, 2, 5, 1->5, 53, 0
12.667, 2, 4, 0->4, 54, 2
12.667, 0, 3, 7->3, 72, 0
12.667, 0, 6, 3->6, 74, 1
12.667, 0, 2, 6->2, 62, 2
12.667, 3, 1, 4->1, 41, 1
12.667, 6, 0, 5->0, 64, 2
12.667, 1, 4, 0->4, 52, 0
12.667, 1, 7, 2->7, 49, 1
12.667, 1, 3, 7->3, 71, 2
12.667, 4, 7, 2->7, 51, 0
12.667, 4, 6, 3->6, 75, 2
12.667, 7, 2, 6->2, 60, 0
12.667, 3, 6, 3->6, 76, 0
12.667, 5, 0, 5->0, 65, 0
12.667, 2, 0, 2->7, 52, 1
12.667, 5, 3, 5->0, 66, 1
12.667, 7, 5, 7->3, 73, 1
12.667, 7, 1, 7->3, 74, 2
12.667, 6, 1, 6->2, 63, 0
12.667, 6, 4, 6->2, 64, 1
12.667, 4, 2, 4->1, 43, 1
13.000, 2, 6, 3->6, 72, 1
13.000, 2, 1, 4->1, 43, 2
13.000, 4, 0, 5->0, 62, 1
13.000, 0, 7, 2->7, 52, 2
13.000, 5, 6, 3->6, 73, 0
13.000, 5, 1, 4->1, 40, 1
13.000, 1, 2, 6->2, 63, 0
13.000, 7, 0, 5->0, 63, 0
13.000, 3, 7, 2->7, 48, 1
13.000, 6, 5, 1->5, 52, 2
13.000, 0, 4, 0->4, 55, 1
13.000, 7, 3, 7->3, 75, 1
13.000, 1, 5, 1->5, 54, 1
13.000, 6, 2, 6->2, 65, 1
13.000, 2, 3, 2->7, 53, 0
13.000, 6, 7, 6->2, 66, 0
13.000, 5, 4, 5->0, 67, 2
13.000, 1, 0, 1->5, 55, 2
13.000, 4, 5, 4->1, 44, 0
13.000, 4, 3, 4->1, 45, 2
13.000, 0, 1, 0->4, 56, 0
13.000, 7, 6, 7->3, 76, 2
13.000, 3, 4, 3->6, 77, 0
13.000, 3, 2, 3->6, 78, 2
13.333, 6, 3, 7->3, 76, 1
13.333, 3, 0, 5->0, 66, 1
13.333, 0, 5, 1->5, 55, 1
13.333, 1, 3, 7->3, 74, 0
13.333, 4, 6, 3->6, 77, 0
13.333, 4, 1, 4->1, 46, 1
13.333, 2, 7, 2->7, 54, 1
13.333, 3, 5, 3->6, 79, 0
13.333, 3, 4, 3->6, 80, 2
13.333, 5, 7, 5->0, 68, 0
13.333, 5, 2, 5->0, 69, 1
13.333, 5, 6, 5->0, 70, 2
13.333, 7, 1, 7->3, 77, 0
13.333, 7, 4, 7->3, 78, 1
13.333, 7, 0, 7->3, 79, 2
13.333, 2, 4, 2->7, 55, 0
13.333, 0, 2, 0->4, 57, 0
13.333, 1, 6, 1->5, 56, 1
13.333, 1, 2, 1->5, 57, 2
13.333, 6, 0, 6->2, 67, 0
13.667, 5, 3, 7->3, 73, 1
13.667, 4, 7, 2->7, 55, 0
13.667, 4, 2, 6->2, 64, 1
13.667, 4, 6, 3->6, 80, 2
13.667, 0, 3, 7->3, 79, 0
13.667, 0, 2, 6->2, 67, 2
13.667, 1, 4, 0->4, 56, 0
13.667, 1, 3, 7->3, 77, 2
13.667, 6, 0, 5->0, 70, 2
13.667, 7, 2, 6->2, 66, 0
13.667, 2, 5, 1->5, 57, 0
13.667, 2, 0, 5->0, 69, 1
13.667, 2, 4, 0->4, 57, 2
13.667, 3, 1, 4->1, 45, 1
13.667, 5, 0, 5->0, 71, 0
13.667, 3, 6, 3->6, 81, 0
13.667, 1, 7, 1->5, 58, 1
13.667, 6, 1, 6->2, 68, 0
13.667, 6, 4, 6->2, 69, 1
13.667, 7, 5, 7->3, 80, 1
13.667, 7, 1, 7->3, 81, 2
13.667, 0, 6, 0->4, 58, 1
14.000, 6, 5, 1->5, 56, 2
14.000, 3, 7, 2->7, 53, 1
14.000, 5, 6, 3->6, 79, 0
14.000, 5, 1, 4->1, 44, 1
14.000, 2, 6, 3->6, 78, 1
14.000, 4, 0, 5->0, 67, 1
14.000, 4, 3, 7->3, 78, 2
14.000, 7, 0, 5->0, 68, 0
14.000, 1, 2, 6->2, 68, 0
14.000, 6, 2, 6->2, 70, 1
14.000, 0, 4, 0->4, 59, 1
14.000, 7, 3, 7->3, 82, 1
14.000, 1, 5, 1->5, 59, 1
14.000, 1, 0, 1->5, 60, 2
14.000, 2, 3, 2->7, 56, 0
14.000, 2, 1, 2->7, 57, 2
14.000, 0, 1, 0->4, 60, 0
14.000, 0, 7, 0->4, 61, 2
14.000, 4, 5, 4->1, 47, 0
14.000, 7, 6, 7->3, 83, 2
14.000, 6, 7, 6->2, 71, 0
14.000, 5, 4, 5->0, 72, 2
14.000, 3, 4, 3->6, 82, 0
14.000, 3, 2, 3->6, 83, 2
14.333, 1, 3, 7->3, 81, 0
14.333, 6, 3, 7->3, 83, 1
14.333, 0, 5, 1->5, 60, 1
14.333, 4, 6, 3->6, 82, 0
14.333, 7, 4, 0->4, 61, 1
14.333, 2, 7, 2->7, 58, 1
14.333, 4, 1, 4->1, 48, 1
14.333, 2, 4, 2->7, 59, 0
14.333, 6, 0, 6->2, 72, 0
14.333, 7, 1, 7->3, 84, 0
14.333, 7, 0, 7->3, 85, 2
14.333, 1, 6, 1->5, 61, 1
14.333, 1, 2, 1->5, 62, 2
14.333, 0, 2, 0->4, 62, 0
14.333, 3, 5, 3->6, 84, 0
14.333, 3, 0, 3->6, 85, 1
14.333, 3, 4, 3->6, 86, 2
14.333, 5, 7, 5->0, 73, 0
14.333, 5, 2, 5->0, 74, 1
14.333, 5, 6, 5->0, 75, 2
14.667, 0, 3, 7->3, 85, 0
14.667, 0, 6, 3->6, 85, 1
14.667, 0, 2, 6->2, 72, 2
14.667, 6, 4, 0->4, 58, 1
14.667, 6, 0, 5->0, 75, 2
14.667, 7, 2, 6->2, 71, 0
14.667, 7, 5, 1->5, 58, 1
14.667, 5, 3, 7->3, 80, 1
14.667, 2, 5, 1->5, 62, 0
14.667, 2, 0, 5->0, 74, 1
14.667, 2, 4, 0->4, 62, 2
14.667, 1, 4, 0->4, 60, 0
14.667, 1, 7, 2->7, 57, 1
14.667, 1, 3, 7->3, 84, 2
14.667, 4, 7, 2->7, 59, 0
14.667, 4, 2, 6->2, 69, 1
14.667, 4, 6, 3->6, 86, 2
14.667, 3, 6, 3->6, 87, 0
14.667, 5, 0, 5->0, 76, 0
14.667, 3, 1, 3->6, 88, 1
14.667, 7, 1, 7->3, 86, 2
14.667, 6, 1, 6->2, 73, 0
15.000, 2, 6, 3->6, 83, 1
15.000, 5, 6, 3->6, 84, 0
15.000, 5, 1, 4->1, 47, 1
15.000, 3, 7, 2->7, 56, 1
15.000, 6, 5, 1->5, 61, 2
15.000, 4, 0, 5->0, 72, 1
15.000, 1, 2, 6->2, 73, 0
15.000, 7, 0, 5->0, 73, 0
15.000, 6, 2, 6->2, 74, 1
15.000, 7, 3, 7->3, 87, 1
15.000, 1, 5, 1->5, 63, 1
15.000, 0, 4, 0->4, 63, 1
15.000, 0, 1, 0->4, 64, 0
15.000, 0, 7, 0->4, 65, 2
15.000, 3, 4, 3->6, 89, 0
15.000, 3, 2, 3->6, 90, 2
15.000, 6, 7, 6->2, 75, 0
15.000, 5, 4, 5->0, 77, 2
15.000, 1, 0, 1->5, 64, 2
15.000, 4, 5, 4->1, 49, 0
15.000, 4, 3, 4->1, 50, 2
15.000, 7, 6, 7->3, 88, 2
15.000, 2, 3, 2->7, 60, 0
15.000, 2, 1, 2->7, 61, 2
15.333, 4, 6, 3->6, 89, 0
15.333, 7, 4, 0->4, 65, 1
15.333, 0, 5, 1->5, 64, 1
15.333, 6, 3, 7->3, 88, 1
15.333, 1, 3, 7->3, 86, 0
15.333, 1, 6, 3->6, 88, 1
15.333, 4, 1, 4->1, 51, 1
15.333, 2, 7, 2->7, 62, 1
15.333, 0, 2, 0->4, 66, 0
15.333, 7, 1, 7->3, 89, 0
15.333, 7, 0, 7->3, 90, 2
15.333, 5, 7, 5->0, 78, 0
15.333, 5, 2, 5->0, 79, 1
15.333, 5, 6, 5->0, 80, 2
15.333, 3, 5, 3->6, 91, 0
15.333, 3, 0, 3->6, 92, 1
15.333, 3, 4, 3->6, 93, 2
15.333, 6, 0, 6->2, 76, 0
15.333, 1, 2, 1->5, 65, 2
15.333, 2, 4, 2->7, 63, 0
15.667, 0, 3, 7->3, 90, 0
15.667, 0, 6, 3->6, 92, 1
15.667, 0, 2, 6->2, 76, 2
15.667, 3, 1, 4->1, 50, 1
15.667, 2, 5, 1->5, 65, 0
15.667, 2, 0, 5->0, 79, 1
15.667, 2, 4, 0->4, 66, 2
15.667, 4, 7, 2->7, 63, 0
15.667, 4, 6, 3->6, 93, 2
15.667, 7, 2, 6->2, 75, 0
15.667, 6, 0, 5->0, 80, 2
15.667, 1, 4, 0->4, 64, 0
15.667, 1, 7, 2->7, 61, 1
15.667, 1, 3, 7->3, 89, 2
15.667, 5, 0, 5->0, 81, 0
15.667, 3, 6, 3->6, 94, 0
15.667, 4, 2, 4->1, 52, 1
15.667, 5, 3, 5->0, 82, 1
15.667, 7, 5, 7->3, 91, 1
15.667, 7, 1, 7->3, 92, 2
15.667, 6, 1, 6->2, 77, 0
15.667, 6, 4, 6->2, 78, 1
16.000, 3, 7, 2->7, 60, 1
16.000, 7, 0, 5->0, 78, 0
16.000, 5, 6, 3->6, 91, 0
16.000, 5, 1, 4->1, 49, 1
16.000, 2, 6, 3->6, 90, 1
16.000, 2, 1, 4->1, 52, 2
16.000, 1, 2, 6->2, 77, 0
16.000, 4, 0, 5->0, 77, 1
16.000, 1, 5, 1->5, 66, 1
16.000, 7, 3, 7->3, 93, 1
16.000, 0, 4, 0->4, 67, 1
16.000, 6, 2, 6->2, 79, 1
16.000, 7, 6, 7->3, 94, 2
16.000, 3, 4, 3->6, 95, 0
16.000, 3, 2, 3->6, 96, 2
16.000, 1, 0, 1->5, 67, 2
16.000, 5, 4, 5->0, 83, 2
16.000, 2, 3, 2->7, 64, 0
16.000, 6, 7, 6->2, 80, 0
16.000, 6, 5, 6->2, 81, 2
16.000, 4, 5, 4->1, 53, 0
16.000, 4, 3, 4->1, 54, 2
16.000, 0, 1, 0->4, 68, 0
16.000, 0, 7, 0->4, 69, 2
16.333, 0, 5, 1->5, 67, 1
16.333, 6, 3, 7->3, 94, 1
16.333, 4, 6, 3->6, 95, 0
16.333, 5, 2, 6->2, 81, 1
16.333, 3, 0, 5->0, 82, 1
16.333, 7, 4, 0->4, 69, 1
16.333, 1, 3, 7->3, 92, 0
16.333, 4, 1, 4->1, 55, 1
16.333, 2, 7, 2->7, 65, 1
16.333, 7, 1, 7->3, 95, 0
16.333, 7, 0, 7->3, 96, 2
16.333, 2, 4, 2->7, 66, 0
16.333, 1, 6, 1->5, 68, 1
16.333, 1, 2, 1->5, 69, 2
16.333, 5, 7, 5->0, 84, 0
16.333, 5, 6, 5->0, 85, 2
16.333, 3, 5, 3->6, 97, 0
16.333, 3, 4, 3->6, 98, 2
16.333, 6, 0, 6->2, 82, 0
16.333, 0, 2, 0->4, 70, 0
16.667, 5, 3, 7->3, 91, 1
16.667, 0, 3, 7->3, 96, 0
16.667, 0, 2, 6->2, 82, 2
16.667, 3, 1, 4->1, 54, 1
16.667, 1, 4, 0->4, 68, 0
16.667, 1, 3, 7->3, 95, 2
16.667, 7, 2, 6->2, 80, 0
16.667, 6, 0, 5->0, 85, 2
16.667, 4, 7, 2->7, 66, 0
16.667, 4, 2, 6->2, 78, 1
16.667, 4, 6, 3->6, 98, 2
16.667, 2, 5, 1->5, 69, 0
16.667, 2, 4, 0->4, 70, 2
16.667, 5, 0, 5->0, 86, 0
16.667, 2, 0, 2->7, 67, 1
16.667, 6, 1, 6->2, 83, 0
16.667, 6, 4, 6->2, 84, 1
16.667, 1, 7, 1->5, 70, 1
16.667, 0, 6, 0->4, 71, 1
16.667, 7, 5, 7->3, 97, 1
16.667, 7, 1, 7->3, 98, 2
17.000, 7, 0, 5->0, 84, 0
17.000, 2, 6, 3->6, 96, 1
17.000, 5, 6, 3->6, 97, 0
17.000, 5, 1, 4->1, 53, 1
17.000, 4, 0, 5->0, 83, 1
17.000, 6, 5, 1->5, 68, 2
17.000, 1, 2, 6->2, 83, 0
17.000, 3, 7, 2->7, 64, 1
17.000, 0, 7, 2->7, 67, 2
17.000, 6, 2, 6->2, 85, 1
17.000, 1, 5, 1->5, 71, 1
17.000, 0, 4, 0->4, 72, 1
17.000, 0, 1, 0->4, 73, 0
17.000, 5, 4, 5->0, 87, 2
17.000, 1, 0, 1->5, 72, 2
17.000, 2, 3, 2->7, 68, 0
17.000, 2, 1, 2->7, 69, 2
17.000, 4, 5, 4->1, 56, 0
17.000, 4, 3, 4->1, 57, 2
17.000, 6, 7, 6->2, 86, 0
17.333, 1, 3, 7->3, 98, 0
17.333, 0, 5, 1->5, 72, 1
17.333, 4, 1, 4->1, 58, 1
17.333, 2, 7, 2->7, 70, 1
17.333, 4, 6, 4->1, 59, 0
17.333, 0, 2, 0->4, 74, 0
17.333, 2, 4, 2->7, 71, 0
17.333, 6, 0, 6->2, 87, 0
17.333, 6, 3, 6->2, 88, 1
17.333, 5, 7, 5->0, 88, 0
17.333, 5, 2, 5->0, 89, 1
17.333, 5, 6, 5->0, 90, 2
17.333, 1, 6, 1->5, 73, 1
17.333, 1, 2, 1->5, 74, 2
17.667, 7, 2, 6->2, 86, 0
17.667, 7, 5, 1->5, 70, 1
17.667, 2, 5, 1->5, 74, 0
17.667, 2, 0, 5->0, 89, 1
17.667, 2, 4, 0->4, 74, 2
17.667, 3, 1, 4->1, 57, 1
17.667, 4, 7, 2->7, 71, 0
17.667, 4, 2, 6->2, 84, 1
17.667, 5, 3, 7->3, 97, 1
17.667, 0, 2, 6->2, 87, 2
17.667, 1, 4, 0->4, 73, 0
17.667, 1, 7, 2->7, 69, 1
17.667, 6, 1, 4->1, 59, 0
17.667, 6, 4, 0->4, 71, 1
17.667, 6, 0, 5->0, 90, 2
17.667, 5, 0, 5->0, 91, 0
17.667, 4, 6, 4->1, 60, 2
17.667, 1, 3, 1->5, 75, 2
17.667, 0, 3, 0->4, 75, 0
17.667, 0, 6, 0->4, 76, 1
18.000, 5, 1, 4->1, 56, 1
18.000, 6, 5, 1->5, 73, 2
18.000, 3, 4, 0->4, 75, 0
18.000, 3, 7, 2->7, 68, 1
18.000, 3, 2, 6->2, 88, 2
18.000, 7, 0, 5->0, 88, 0
18.000, 4, 0, 5->0, 87, 1
18.000, 0, 4, 0->4, 77, 1
18.000, 6, 2, 6->2, 89, 1
18.000, 1, 5, 1->5, 76, 1
18.000, 1, 2, 1->5, 77, 0
18.000, 1, 0, 1->5, 78, 2
18.000, 4, 5, 4->1, 61, 0
18.000, 4, 3, 4->1, 62, 2
18.000, 6, 7, 6->2, 90, 0
18.000, 2, 3, 2->7, 72, 0
18.000, 2, 6, 2->7, 73, 1
18.000, 2, 1, 2->7, 74, 2
18.000, 5, 6, 5->0, 92, 0
18.000, 5, 4, 5->0, 93, 2
18.000, 0, 1, 0->4, 78, 0
18.000, 0, 7, 0->4, 79, 2
18.333, 0, 5, 1->5, 78, 1
18.333, 7, 4, 0->4, 79, 1
18.333, 6, 0, 5->0, 92, 0
18.333, 6, 7, 2->7, 73, 2
18.333, 3, 5, 1->5, 75, 0
18.333, 2, 7, 2->7, 75, 1
18.333, 4, 1, 4->1, 63, 1
18.333, 5, 7, 5->0, 94, 0
18.333, 5, 2, 5->0, 95, 1
18.333, 5, 6, 5->0, 96, 2
18.333, 2, 4, 2->7, 76, 0
18.333, 0, 2, 0->4, 80, 0
18.333, 6, 3, 6->2, 91, 1
18.333, 1, 3, 1->5, 79, 0
18.333, 1, 6, 1->5, 80, 1
18.667, 2, 5, 1->5, 77, 0
18.667, 2, 0, 5->0, 95, 1
18.667, 2, 4, 0->4, 80, 2
18.667, 7, 2, 6->2, 90, 0
18.667, 1, 4, 0->4, 78, 0
18.667, 1, 7, 2->7, 74, 1
18.667, 3, 1, 4->1, 62, 1
18.667, 3, 5, 1->5, 79, 2
18.667, 4, 7, 2->7, 76, 0
18.667, 6, 1, 4->1, 60, 0
18.667, 6, 4, 0->4, 76, 1
18.667, 6, 0, 5->0, 96, 2
18.667, 5, 0, 5->0, 97, 0
18.667, 1, 3, 1->5, 81, 2
18.667, 5, 3, 5->0, 98, 1
18.667, 0, 3, 0->4, 81, 0
18.667, 0, 6, 0->4, 82, 1
18.667, 0, 2, 0->4, 83, 2
18.667, 4, 2, 4->1, 64, 1
18.667, 4, 6, 4->1, 65, 2
19.000, 4, 0, 5->0, 93, 1
19.000, 2, 1, 4->1, 64, 2
19.000, 7, 0, 5->0, 94, 0
19.000, 6, 5, 1->5, 80, 2
19.000, 3, 4, 0->4, 81, 0
19.000, 3, 7, 2->7, 72, 1
19.000, 3, 2, 6->2, 91, 2
19.000, 5, 1, 4->1, 61, 1
19.000, 0, 4, 0->4, 84, 1
19.000, 6, 2, 6->2, 92, 1
19.000, 1, 5, 1->5, 82, 1
19.000, 4, 5, 4->1, 66, 0
19.000, 4, 3, 4->1, 67, 2
19.000, 6, 7, 6->2, 93, 0
19.000, 0, 1, 0->4, 85, 0
19.000, 0, 7, 0->4, 86, 2
19.000, 1, 2, 1->5, 83, 0
19.000, 1, 0, 1->5, 84, 2
19.000, 2, 3, 2->7, 77, 0
19.000, 2, 6, 2->7, 78, 1
19.333, 6, 7, 2->7, 78, 2
19.333, 3, 5, 1->5, 81, 0
19.333, 3, 0, 5->0, 98, 1
19.333, 7, 4, 0->4, 86, 1
19.333, 0, 5, 1->5, 84, 1
19.333, 2, 4, 0->4, 83, 0
19.333, 4, 1, 4->1, 68, 1
19.333, 2, 7, 2->7, 79, 1
19.333, 0, 2, 0->4, 87, 0
19.333, 1, 3, 1->5, 85, 0
19.333, 1, 6, 1->5, 86, 1
19.333, 6, 0, 6->2, 94, 0
19.333, 6, 3, 6->2, 95, 1
19.667, 2, 5, 1->5, 83, 0
19.667, 2, 4, 0->4, 87, 2
19.667, 7, 2, 6->2, 93, 0
19.667, 0, 2, 6->2, 94, 2
19.667, 3, 1, 4->1, 67, 1
19.667, 3, 5, 1->5, 85, 2
19.667, 1, 4, 0->4, 85, 0
19.667, 6, 1, 4->1, 65, 0
19.667, 6, 4, 0->4, 82, 1
19.667, 6, 0, 6->2, 96, 2
19.667, 2, 0, 2->7, 80, 1
19.667, 4, 7, 4->1, 69, 0
19.667, 4, 2, 4->1, 70, 1
19.667, 4, 6, 4->1, 71, 2
19.667, 1, 7, 1->5, 87, 1
19.667, 1, 3, 1->5, 88, 2
19.667, 0, 3, 0->4, 88, 0
19.667, 0, 6, 0->4, 89, 1
20.000, 3, 4, 0->4, 88, 0
20.000, 3, 7, 2->7, 77, 1
20.000, 3, 2, 6->2, 95, 2
20.000, 6, 5, 1->5, 86, 2
20.000, 0, 7, 2->7, 80, 2
20.000, 2, 1, 4->1, 70, 2
20.000, 5, 1, 4->1, 66, 1
20.000, 6, 2, 6->2, 97, 1
20.000, 1, 5, 1->5, 89, 1
20.000, 0, 4, 0->4, 90, 1
20.000, 1, 2, 1->5, 90, 0
20.000, 1, 0, 1->5, 91, 2
20.000, 0, 1, 0->4, 91, 0
20.000, 2, 3, 2->7, 81, 0
20.000, 2, 6, 2->7, 82, 1
20.000, 4, 5, 4->1, 72, 0
20.000, 4, 0, 4->1, 73, 1
20.000, 4, 3, 4->1, 74, 2
20.000, 6, 7, 6->2, 98, 0
20.333, 6, 7, 2->7, 82, 2
20.333, 7, 1, 4->1, 69, 0
20.333, 0, 2, 6->2, 96, 0
20.333, 0, 5, 1->5, 91, 1
20.333, 0, 1, 4->1, 73, 2
20.333, 3, 5, 1->5, 88, 0
20.333, 2, 7, 2->7, 83, 1
20.333, 4, 1, 4->1, 75, 1
20.333, 1, 3, 1->5, 92, 0
20.333, 1, 6, 1->5, 93, 1
20.333, 2, 4, 2->7, 84, 0
20.667, 4, 7, 2->7, 84, 0
20.667, 3, 1, 4->1, 74, 1
20.667, 3, 5, 1->5, 92, 2
20.667, 7, 2, 6->2, 98, 0
20.667, 7, 5, 1->5, 87, 1
20.667, 1, 4, 0->4, 91, 0
20.667, 6, 1, 4->1, 71, 0
20.667, 6, 4, 0->4, 89, 1
20.667, 2, 5, 1->5, 90, 0
20.667, 0, 3, 0->4, 92, 0
20.667, 0, 6, 0->4, 93, 1
20.667, 0, 2, 0->4, 94, 2
20.667, 4, 2, 4->1, 76, 1
20.667, 4, 6, 4->1, 77, 2
20.667, 1, 7, 1->5, 94, 1
20.667, 1, 3, 1->5, 95, 2
20.667, 2, 0, 2->7, 85, 1
20.667, 2, 4, 2->7, 86, 2
21.000, 3, 4, 0->4, 92, 0
21.000, 3, 7, 2->7, 81, 1
21.000, 5, 1, 4->1, 72, 1
21.000, 2, 1, 4->1, 76, 2
21.000, 6, 5, 1->5, 93, 2
21.000, 0, 7, 2->7, 85, 2
21.000, 1, 5, 1->5, 96, 1
21.000, 0, 4, 0->4, 95, 1
21.000, 0, 1, 0->4, 96, 0
21.000, 4, 5, 4->1, 78, 0
21.000, 4, 0, 4->1, 79, 1
21.000, 4, 3, 4->1, 80, 2
21.000, 1, 2, 1->5, 97, 0
21.000, 1, 0, 1->5, 98, 2
21.000, 2, 3, 2->7, 87, 0
21.000, 2, 6, 2->7, 88, 1
21.333, 2, 4, 0->4, 94, 0
21.333, 6, 7, 2->7, 88, 2
21.333, 0, 5, 1->5, 98, 1
21.333, 0, 1, 4->1, 79, 2
21.333, 3, 5, 1->5, 95, 0
21.333, 2, 7, 2->7, 89, 1
21.333, 4, 1, 4->1, 81, 1
21.333, 0, 2, 0->4, 97, 0
21.667, 6, 1, 4->1, 77, 0
21.667, 6, 4, 0->4, 93, 1
21.667, 7, 5, 1->5, 94, 1
21.667, 1, 4, 0->4, 96, 0
21.667, 3, 1, 4->1, 80, 1
21.667, 2, 5, 1->5, 97, 0
21.667, 2, 4, 0->4, 97, 2
21.667, 4, 7, 2->7, 86, 0
21.667, 0, 3, 0->4, 98, 0
21.667, 2, 0, 2->7, 90, 1
21.667, 4, 2, 4->1, 82, 1
21.667, 4, 6, 4->1, 83, 2
22.000, 3, 4, 0->4, 98, 0
22.000, 3, 7, 2->7, 87, 1
22.000, 0, 7, 2->7, 90, 2
22.000, 2, 1, 4->1, 82, 2
22.000, 5, 1, 4->1, 78, 1
22.000, 2, 3, 2->7, 91, 0
22.000, 2, 6, 2->7, 92, 1
22.000, 4, 5, 4->1, 84, 0
22.000, 4, 0, 4->1, 85, 1
22.000, 4, 3, 4->1, 86, 2
22.333, 0, 1, 4->1, 85, 2
22.333, 6, 7, 2->7, 92, 2
22.333, 4, 1, 4->1, 87, 1
22.333, 2, 7, 2->7, 93, 1
22.333, 2, 4, 2->7, 94, 0
22.667, 4, 7, 2->7, 94, 0
22.667, 3, 1, 4->1, 86, 1
22.667, 6, 1, 4->1, 83, 0
22.667, 4, 2, 4->1, 88, 1
22.667, 4, 6, 4->1, 89, 2
22.667, 2, 5, 2->7, 95, 0
22.667, 2, 0, 2->7, 96, 1
22.667, 2, 4, 2->7, 97, 2
23.000, 3, 7, 2->7, 91, 1
23.000, 0, 7, 2->7, 96, 2
23.000, 5, 1, 4->1, 84, 1
23.000, 2, 1, 4->1, 88, 2
23.000, 2, 3, 2->7, 98, 0
23.000, 4, 5, 4->1, 90, 0
23.000, 4, 0, 4->1, 91, 1
23.000, 4, 3, 4->1, 92, 2
23.333, 0, 1, 4->1, 91, 2
23.333, 5, 7, 2->7, 95, 0
23.333, 4, 1, 4->1, 93, 1
23.667, 3, 1, 4->1, 92, 1
23.667, 6, 1, 4->1, 89, 0
23.667, 4, 7, 2->7, 97, 0
23.667, 4, 2, 4->1, 94, 1
23.667, 4, 6, 4->1, 95, 2
24.000, 3, 7, 2->7, 98, 1
24.000, 5, 1, 4->1, 90, 1
24.000, 2, 1, 4->1, 94, 2
24.000, 4, 5, 4->1, 96, 0
24.000, 4, 0, 4->1, 97, 1
24.000, 4, 3, 4->1, 98, 2
24.333, 0, 1, 4->1, 97, 2
24.667, 3, 1, 4->1, 98, 1
24.667, 6, 1, 4->1, 95, 0
25.000, 5, 1, 4->1, 96, 1
